Symbol,Price,Type,Strike,"Exp Date",DTE,Bid,Midpoint,Ask,Last,Volume,"Open Int",Vol/OI,IV,Time
TSLA,234.47,Call,230,2023-06-09,1,5.4,5.45,5.5,5.45,194087,33137,5.86,62.91%,"15:29 ET"
TSLA,234.47,Call,235,2023-06-09,1,2.54,2.55,2.55,2.54,190350,23624,8.06,61.63%,"15:29 ET"
TSLA,234.47,Put,230,2023-06-09,1,1.32,1.33,1.34,1.32,132743,6496,20.43,59.60%,"15:29 ET"
TSLA,234.47,Call,232.5,2023-06-09,1,3.75,3.8,3.85,3.75,113127,10979,10.3,60.45%,"15:29 ET"
TSLA,234.47,Put,225,2023-06-09,1,0.43,0.44,0.44,0.42,110645,8007,13.82,63.00%,"15:29 ET"
WMB,31.59,Call,30,2023-06-16,8,1.6,1.65,1.7,1.6,100289,16919,5.93,30.93%,"15:29 ET"
AAPL,180.26,Call,180,2023-06-09,1,1.09,1.1,1.11,1.1,99454,62746,1.59,24.71%,"15:32 ET"
TSLA,234.47,Call,240,2023-06-09,1,1.03,1.04,1.04,1.03,93339,25709,3.63,64.03%,"15:29 ET"
TSLA,234.47,Put,220,2023-06-09,1,0.14,0.15,0.15,0.14,73600,24550,3,68.32%,"15:29 ET"
TSLA,234.47,Put,227.5,2023-06-09,1,0.76,0.77,0.78,0.77,73058,5260,13.89,61.13%,"15:29 ET"
TSLA,234.47,Call,227.5,2023-06-09,1,7.3,7.38,7.45,7.3,69831,13678,5.11,62.30%,"15:29 ET"
AMZN,123.85,Call,125,2023-06-09,1,0.52,0.53,0.53,0.52,66820,18266,3.66,36.77%,"15:32 ET"
NVDA,386.27,Call,390,2023-06-09,1,1.53,1.55,1.56,1.53,64142,15166,4.23,42.02%,"15:29 ET"
TSLA,234.47,Call,225,2023-06-09,1,9.5,9.55,9.6,9.4,62654,25210,2.49,67.98%,"15:29 ET"
AAPL,180.26,Put,177.5,2023-06-09,1,0.15,0.16,0.16,0.15,56503,23544,2.4,26.08%,"15:32 ET"
TSLA,234.47,Put,222.5,2023-06-09,1,0.24,0.25,0.25,0.25,55259,6544,8.44,65.74%,"15:29 ET"
TSLA,234.47,Call,237.5,2023-06-09,1,1.64,1.65,1.65,1.65,54888,9709,5.65,62.83%,"15:29 ET"
WMB,31.59,Call,28,2023-06-16,8,3.5,3.6,3.7,3.6,54020,2984,18.1,57.86%,"15:29 ET"
NVDA,386.27,Call,385,2023-06-09,1,3.35,3.4,3.45,3.4,52761,7273,7.25,40.95%,"15:29 ET"
SOFI,8.16,Call,8,2023-06-09,1,0.22,0.23,0.23,0.22,52668,38422,1.37,79.06%,"15:29 ET"
AMZN,123.85,Call,124,2023-06-09,1,0.9,0.91,0.92,0.92,50367,12648,3.98,36.55%,"15:32 ET"
PLTR,15.26,Call,15.5,2023-06-09,1,0.16,0.17,0.17,0.16,50199,11985,4.19,91.12%,"15:29 ET"
NVDA,386.27,Put,380,2023-06-09,1,1.37,1.38,1.38,1.38,49351,10977,4.5,42.08%,"15:29 ET"
AMD,121.05,Call,122,2023-06-09,1,0.66,0.67,0.68,0.67,48128,9882,4.87,45.91%,"15:32 ET"
TSLA,234.47,Call,230,2023-06-16,8,9.7,9.77,9.85,9.79,46650,22915,2.04,54.74%,"15:29 ET"
TSLA,234.47,Call,250,2023-06-16,8,2.68,2.69,2.69,2.68,43850,26780,1.64,58.02%,"15:29 ET"
AAPL,180.26,Call,182.5,2023-06-09,1,0.22,0.23,0.23,0.22,43524,57708,0.75,24.55%,"15:32 ET"
TSLA,234.47,Put,232.5,2023-06-09,1,2.2,2.22,2.23,2.2,43069,2478,17.38,59.22%,"15:29 ET"
TSLA,234.47,Call,240,2023-06-16,8,5.2,5.23,5.25,5.23,41769,17258,2.42,55.62%,"15:29 ET"
BVN,7.69,Put,7,2023-07-21,43,0.25,0.28,0.3,0.25,41249,50642,0.81,52.85%,"15:25 ET"
GOOG,122.58,Call,125,2023-06-09,1,0.19,0.2,0.2,0.19,39444,4938,7.99,36.12%,"15:32 ET"
AMZN,123.85,Call,126,2023-06-09,1,0.28,0.29,0.3,0.3,38204,14518,2.63,38.78%,"15:32 ET"
CVNA,25.13,Call,20,2023-06-09,1,4.9,5.08,5.25,4.8,36182,5334,6.78,331.77%,"15:32 ET"
PLTR,15.26,Call,15,2023-06-09,1,0.37,0.38,0.39,0.38,35077,24779,1.42,88.74%,"15:28 ET"
VFC,19.77,Call,18,2023-06-16,8,1.7,1.73,1.75,1.7,34826,3736,9.32,42.11%,"15:28 ET"
AAPL,180.26,Put,180,2023-06-09,1,0.73,0.74,0.75,0.74,33986,25261,1.35,23.70%,"15:32 ET"
FDX,224.99,Call,215,2023-06-09,1,10,10.13,10.25,10.2,33504,2302,14.55,41.81%,"15:29 ET"
NVDA,386.27,Call,400,2023-06-09,1,0.28,0.29,0.29,0.29,32326,21926,1.47,48.02%,"15:29 ET"
AAPL,180.26,Call,180,2023-06-16,8,2.53,2.54,2.54,2.54,32179,73242,0.44,21.55%,"15:32 ET"
MSFT,325.53,Call,330,2023-06-09,1,0.33,0.34,0.34,0.34,31902,14222,2.24,25.80%,"15:29 ET"
AMZN,123.85,Call,123,2023-06-09,1,1.46,1.48,1.49,1.49,31728,15163,2.09,36.53%,"15:32 ET"
AMD,121.05,Call,120,2023-06-09,1,1.5,1.53,1.55,1.51,31510,11475,2.75,41.57%,"15:32 ET"
AAPL,180.26,Call,185,2023-06-16,8,0.62,0.63,0.63,0.63,31132,111506,0.28,20.26%,"15:32 ET"
AMD,121.05,Call,121,2023-06-09,1,1.04,1.05,1.06,1.06,30332,8055,3.77,45.34%,"15:32 ET"
CVNA,25.13,Call,20,2023-06-16,8,5.8,5.9,6,5.85,30143,11126,2.71,207.41%,"15:31 ET"
GLNG,22.24,Call,20,2023-06-16,8,2.1,2.2,2.3,2.15,30055,5106,5.89,53.02%,"15:28 ET"
GOOGL,122.04,Call,123,2023-06-09,1,0.47,0.48,0.48,0.47,29723,4359,6.82,33.78%,"15:32 ET"
CVNA,25.13,Call,25,2023-06-09,1,1.95,2,2.05,1.97,29651,989,29.98,390.08%,"15:32 ET"
TSLA,234.47,Call,235,2023-06-16,8,7.15,7.2,7.25,7.25,29621,10453,2.83,55.16%,"15:29 ET"
NVDA,386.27,Put,375,2023-06-09,1,0.49,0.5,0.51,0.5,29621,9668,3.06,43.35%,"15:29 ET"
TSLA,234.47,Put,225,2023-06-16,8,3.55,3.58,3.6,3.6,28949,3449,8.39,53.84%,"15:29 ET"
TSLA,234.47,Call,242.5,2023-06-09,1,0.65,0.66,0.66,0.65,28226,8922,3.16,66.26%,"15:29 ET"
WMB,31.59,Call,29,2023-06-16,8,2.55,2.63,2.7,2.6,27258,1360,20.04,44.55%,"15:29 ET"
PLTR,15.26,Put,15,2023-06-09,1,0.19,0.2,0.2,0.2,26042,10620,2.45,89.40%,"15:29 ET"
NVDA,386.27,Put,385,2023-06-09,1,3.25,3.3,3.35,3.2,25819,7956,3.25,42.32%,"15:29 ET"
AMZN,123.85,Put,124,2023-06-09,1,0.97,0.98,0.99,0.97,25775,5602,4.6,36.41%,"15:32 ET"
TSLA,234.47,Put,220,2023-06-16,8,2.26,2.27,2.28,2.27,25668,9298,2.76,54.23%,"15:29 ET"
NVDA,386.27,Put,370,2023-06-09,1,0.19,0.2,0.2,0.19,25416,10798,2.35,46.63%,"15:29 ET"
HBI,4.63,Call,5,2025-01-17,589,1.35,1.4,1.45,1.4,24681,3482,7.09,61.08%,"15:24 ET"
HBI,4.63,Call,5,2024-01-19,225,0.65,0.7,0.75,0.72,24506,31135,0.79,56.19%,"15:23 ET"
GOOGL,122.04,Call,124,2023-06-09,1,0.25,0.26,0.26,0.24,24383,4927,4.95,35.81%,"15:30 ET"
AMD,121.05,Put,120,2023-06-09,1,0.81,0.83,0.84,0.83,24249,7541,3.22,47.64%,"15:32 ET"
INTC,31.67,Call,32,2023-06-09,1,0.15,0.16,0.16,0.15,23893,11229,2.13,40.93%,"15:30 ET"
MSFT,325.53,Call,325,2023-06-09,1,1.84,1.86,1.87,1.86,23661,6235,3.79,24.43%,"15:29 ET"
AMZN,123.85,Put,123,2023-06-09,1,0.54,0.55,0.55,0.54,23655,6373,3.71,36.38%,"15:32 ET"
NVDA,386.27,Call,400,2023-06-16,8,4.3,4.32,4.35,4.25,23422,21533,1.09,42.75%,"15:29 ET"
NVDA,386.27,Call,395,2023-06-09,1,0.64,0.66,0.67,0.66,22701,11150,2.04,44.67%,"15:29 ET"
MSFT,325.53,Call,327.5,2023-06-09,1,0.82,0.83,0.84,0.81,22560,7402,3.05,24.63%,"15:29 ET"
LCID,6.3,Call,8,2023-07-21,43,0.22,0.23,0.24,0.23,22482,9007,2.5,81.89%,"15:15 ET"
TSLA,234.47,Call,220,2023-06-09,1,14.1,14.25,14.4,14.3,22142,27453,0.81,80.80%,"15:29 ET"
AMZN,123.85,Call,125,2023-06-16,8,1.92,1.93,1.94,1.93,22109,51244,0.43,32.21%,"15:32 ET"
GOOG,122.58,Call,124,2023-06-09,1,0.36,0.37,0.37,0.35,21611,2699,8.01,34.48%,"15:30 ET"
NVDA,386.27,Call,380,2023-06-09,1,6.4,6.55,6.7,6.5,21103,9681,2.18,40.69%,"15:29 ET"
AMD,121.05,Put,117,2023-06-09,1,0.12,0.13,0.13,0.13,20844,5616,3.71,46.91%,"15:32 ET"
NVDA,386.27,Call,387.5,2023-06-09,1,2.34,2.34,2.34,2.34,20730,3520,5.89,41.66%,"15:29 ET"
TSLA,234.47,Call,260,2023-06-16,8,1.37,1.38,1.39,1.39,20725,5863,3.53,61.34%,"15:29 ET"
TSLA,234.47,Put,210,2023-06-16,8,0.85,0.86,0.87,0.87,20282,11120,1.82,57.10%,"15:29 ET"
LCID,6.3,Call,7,2023-07-21,43,0.41,0.42,0.43,0.42,20247,17784,1.14,76.68%,"15:23 ET"
EQX,4.89,Call,12.5,2024-01-19,225,0.05,0.08,0.1,0.1,20110,23981,0.84,72.37%,"14:32 ET"
TSLA,234.47,Put,235,2023-06-09,1,3.4,3.45,3.5,3.4,20109,1319,15.25,58.54%,"15:29 ET"
AAPL,180.26,Call,177.5,2023-06-09,1,2.96,3.01,3.05,3,20077,19090,1.05,27.44%,"15:32 ET"
EGO,9.85,Call,17,2023-10-20,134,0.05,0.08,0.1,0.1,20015,25573,0.78,54.71%,"15:06 ET"
GOOGL,122.04,Call,125,2023-06-09,1,0.13,0.14,0.14,0.14,19931,9265,2.15,38.22%,"15:31 ET"
HZNP,99.71,Put,90,2024-01-19,225,7.8,8.05,8.3,7.8,19884,9561,2.08,44.73%,"15:20 ET"
HZNP,99.71,Put,60,2024-01-19,225,1.8,2.1,2.4,0.5,19200,2405,7.98,59.02%,"15:20 ET"
TSLA,234.47,Call,233.33,2023-06-16,8,7.95,8,8.05,8,19059,9625,1.98,54.74%,"15:29 ET"
CVNA,25.13,Call,30,2023-06-16,8,2.15,2.2,2.25,2.2,18956,1074,17.65,266.11%,"15:31 ET"
AMD,121.05,Put,118,2023-06-09,1,0.24,0.25,0.25,0.25,18948,6980,2.71,46.17%,"15:32 ET"
HZNP,99.71,Put,100,2023-08-18,71,2.7,2.85,3,3.1,18936,33403,0.57,17.76%,"15:20 ET"
NVDA,386.27,Call,382.5,2023-06-09,1,4.7,4.83,4.95,4.8,18894,2281,8.28,40.75%,"15:29 ET"
META,264.95,Call,265,2023-06-09,1,1.98,2,2.02,1.98,18798,1796,10.47,36.31%,"15:29 ET"
ENVX,14.19,Call,15,2023-07-21,43,1.2,1.23,1.25,1.24,18793,15595,1.21,79.57%,"15:30 ET"
AAPL,180.26,Put,175,2023-06-16,8,0.58,0.59,0.59,0.59,18781,29476,0.64,22.81%,"15:32 ET"
TSLA,234.47,Put,230,2023-06-16,8,5.4,5.43,5.45,5.38,18660,2973,6.28,53.54%,"15:29 ET"
BA,219.07,Call,220,2023-06-16,8,3.2,3.25,3.3,3.25,18543,9615,1.93,29.21%,"15:32 ET"
TSLA,234.47,Call,250,2023-06-09,1,0.18,0.19,0.19,0.19,18346,16241,1.13,75.82%,"15:29 ET"
AMZN,123.85,Put,125,2023-06-09,1,1.58,1.6,1.61,1.58,18323,5823,3.15,37.01%,"15:31 ET"
TSLA,234.47,Call,232.5,2023-06-16,8,8.35,8.43,8.5,8.4,18217,4652,3.92,54.56%,"15:29 ET"
AMD,121.05,Call,123,2023-06-09,1,0.41,0.42,0.43,0.42,18172,7821,2.32,47.47%,"15:32 ET"
RIVN,14.16,Call,17.5,2023-07-21,43,0.47,0.48,0.48,0.48,18167,73147,0.25,74.95%,"15:29 ET"
ENVX,14.19,Put,15,2023-07-21,43,1.95,2,2.05,2,17847,9804,1.82,80.54%,"15:29 ET"
TSLA,234.47,Call,245,2023-06-09,1,0.41,0.42,0.42,0.41,17789,11541,1.54,68.68%,"15:29 ET"
AMZN,123.85,Call,127,2023-06-09,1,0.15,0.16,0.16,0.15,17769,12776,1.39,39.30%,"15:32 ET"
CVNA,25.13,Call,33,2023-06-09,1,0.48,0.51,0.53,0.53,17768,214,83.03,498.89%,"15:32 ET"
VFC,19.77,Call,17,2023-06-16,8,2.7,2.73,2.75,2.7,17727,1551,11.43,62.01%,"15:28 ET"
CVNA,25.13,Call,22,2023-06-09,1,3.4,3.5,3.6,3.47,17573,396,44.38,336.18%,"15:31 ET"
SOFI,8.16,Call,8,2023-06-16,8,0.43,0.44,0.44,0.43,17503,25860,0.68,72.78%,"15:28 ET"
MPW,9.31,Put,8.5,2023-06-16,8,0.14,0.15,0.15,0.14,17351,26155,0.66,81.83%,"15:18 ET"
TSLA,234.47,Call,222.5,2023-06-09,1,11.7,11.85,12,11.8,17340,9710,1.79,69.17%,"15:29 ET"
F,13.56,Put,13,2023-07-21,43,0.3,0.31,0.31,0.31,16862,18933,0.89,28.64%,"15:21 ET"
MSFT,325.53,Call,332.5,2023-06-09,1,0.13,0.14,0.14,0.13,16792,8424,1.99,27.13%,"15:28 ET"
TSLA,234.47,Call,250,2023-07-21,43,12.25,12.3,12.35,12.3,16779,37069,0.45,56.59%,"15:29 ET"
META,264.95,Call,270,2023-06-09,1,0.53,0.54,0.55,0.54,16776,5805,2.89,39.49%,"15:29 ET"
AMD,121.05,Call,125,2023-06-09,1,0.16,0.17,0.18,0.18,16750,18854,0.89,52.83%,"15:32 ET"
NVDA,386.27,Put,382.5,2023-06-09,1,2.16,2.19,2.21,2.17,16746,3841,4.36,41.82%,"15:29 ET"
BABA,86.39,Call,88,2023-06-09,1,0.25,0.26,0.26,0.26,16510,7913,2.09,47.39%,"15:32 ET"
SOFI,8.16,Put,8,2023-06-30,22,0.45,0.46,0.47,0.44,16360,152,107.63,68.46%,"15:20 ET"
PANW,222.64,Call,225,2023-06-09,1,0.74,0.77,0.79,0.74,16360,3843,4.26,36.81%,"15:29 ET"
PLTR,15.26,Put,14,2023-11-17,162,1.96,1.98,1.99,1.97,16349,9557,1.71,69.42%,"15:29 ET"
BA,219.07,Call,220,2023-06-09,1,0.95,0.99,1.03,0.98,16288,4761,3.42,33.96%,"15:32 ET"
NIO,7.78,Call,8,2023-06-09,1,0.35,0.36,0.36,0.34,16123,29516,0.55,281.33%,"15:33 ET"
META,264.95,Put,260,2023-06-09,1,0.45,0.46,0.46,0.44,15988,6064,2.64,37.24%,"15:29 ET"
T,16,Put,15,2023-07-21,43,0.21,0.22,0.22,0.21,15910,38464,0.41,26.77%,"15:06 ET"
META,264.95,Put,265,2023-06-09,1,2,2.02,2.04,2.08,15746,3775,4.17,35.95%,"15:28 ET"
CVNA,25.13,Put,20,2023-06-09,1,0.2,0.22,0.23,0.2,15395,255,60.37,335.43%,"15:32 ET"
UPST,33.18,Call,33,2023-06-09,1,1.11,1.14,1.17,1.1,15392,18096,0.85,177.72%,"15:29 ET"
AMD,121.05,Put,105,2023-06-16,8,0.28,0.29,0.29,0.28,15385,35080,0.44,62.17%,"15:31 ET"
SOFI,8.16,Call,10,2024-01-19,225,1.01,1.02,1.03,1.03,15351,52229,0.29,61.01%,"15:28 ET"
AMZN,123.85,Put,122,2023-06-09,1,0.28,0.29,0.29,0.29,15213,5332,2.85,37.66%,"15:32 ET"
EGO,9.85,Call,16,2023-10-20,134,0.05,0.1,0.15,0.12,15015,16694,0.9,52.12%,"14:56 ET"
EGO,9.85,Call,15,2023-10-20,134,0.1,0.15,0.2,0.11,15004,1149,13.06,45.88%,"14:52 ET"
AAPL,180.26,Call,182.5,2023-06-16,8,1.34,1.35,1.35,1.34,14905,22274,0.67,20.57%,"15:32 ET"
SHOP,59.9,Call,62,2023-06-09,1,0.14,0.15,0.15,0.15,14902,3448,4.32,65.00%,"15:27 ET"
AMC,4.72,Put,6,2023-06-09,1,1.3,1.32,1.34,1.3,14731,15011,0.98,327.35%,"15:24 ET"
NVDA,386.27,Put,377.5,2023-06-09,1,0.82,0.84,0.86,0.88,14684,4112,3.57,42.53%,"15:29 ET"
AMZN,123.85,Call,130,2023-06-16,8,0.58,0.59,0.59,0.59,14654,33298,0.44,33.60%,"15:31 ET"
AMD,121.05,Call,125,2023-07-21,43,6.2,6.23,6.25,6.22,14563,8293,1.76,46.60%,"15:31 ET"
FDX,224.99,Call,200,2023-06-16,8,24.9,25.23,25.55,25.2,14551,1097,13.26,47.46%,"15:29 ET"
CVNA,25.13,Call,23,2023-06-09,1,2.75,2.9,3.05,2.9,14475,681,21.26,361.67%,"15:31 ET"
AAPL,180.26,Put,175,2023-07-21,43,2.38,2.4,2.41,2.4,14410,40610,0.35,20.10%,"15:32 ET"
NIO,7.78,Put,7,2023-06-09,1,0.13,0.14,0.14,0.14,14286,18626,0.77,269.93%,"15:31 ET"
META,264.95,Call,267.5,2023-06-09,1,1.05,1.07,1.08,1.07,14283,1771,8.06,37.90%,"15:29 ET"
AMD,121.05,Put,119,2023-06-09,1,0.46,0.47,0.48,0.46,14036,4150,3.38,45.91%,"15:30 ET"
NIO,7.78,Call,8,2023-06-16,8,0.48,0.49,0.49,0.48,13696,16464,0.83,126.16%,"15:32 ET"
NVDA,386.27,Put,372.5,2023-06-09,1,0.3,0.31,0.31,0.31,13694,5615,2.44,45.00%,"15:29 ET"
AMC,4.72,Put,6,2023-06-23,15,1.48,1.53,1.57,1.47,13603,631,21.56,160.91%,"15:24 ET"
UPST,33.18,Call,30,2023-06-09,1,2.91,3.03,3.15,2.9,13476,3180,4.24,162.06%,"15:28 ET"
CVNA,25.13,Call,25,2023-06-16,8,3.5,3.55,3.6,3.6,13435,5600,2.4,249.07%,"15:32 ET"
TSLA,234.47,Call,225,2023-06-16,8,12.85,12.93,13,12.93,13292,9182,1.45,54.91%,"15:29 ET"
GME,21.64,Put,20,2023-07-21,43,1.17,1.21,1.25,1.22,13285,12914,1.03,69.04%,"15:29 ET"
FDX,224.99,Call,210,2023-06-16,8,14.9,15.15,15.4,15.34,13218,947,13.96,23.12%,"15:30 ET"
UBER,40.29,Call,42.5,2023-08-18,71,1.95,1.96,1.98,2.02,13211,31881,0.41,39.01%,"15:14 ET"
TSLA,234.47,Call,255,2023-07-21,43,10.7,10.75,10.8,10.8,13178,2727,4.83,56.95%,"15:28 ET"
AFRM,19,Call,18,2023-06-09,1,1.02,1.05,1.07,1.08,13101,3498,3.75,128.65%,"15:31 ET"
AAPL,180.26,Put,177.5,2023-06-16,8,1.09,1.1,1.1,1.1,12762,9457,1.35,21.60%,"15:32 ET"
AMD,121.05,Put,125,2023-08-18,71,12.1,12.15,12.2,12.15,12712,1171,10.86,48.91%,"15:31 ET"
TSLA,234.47,Put,200,2023-06-16,8,0.34,0.35,0.35,0.35,12700,30989,0.41,62.15%,"15:29 ET"
PLTR,15.26,Put,10,2024-01-19,225,0.71,0.73,0.74,0.71,12696,51458,0.25,67.92%,"15:18 ET"
VVV,38.5,Put,50,2023-06-16,8,11.6,11.65,11.7,11.6,12685,52470,0.24,105.64%,"15:15 ET"
GOOGL,122.04,Put,121,2023-06-09,1,0.42,0.43,0.43,0.45,12650,2325,5.44,33.38%,"15:31 ET"
PBR,13.16,Call,10,2023-06-16,8,3.1,3.18,3.25,3.05,12612,37357,0.34,110.29%,"12:55 ET"
META,264.95,Call,275,2023-06-09,1,0.13,0.14,0.14,0.14,12583,8935,1.41,44.09%,"15:29 ET"
UBER,40.29,Put,35,2023-08-18,71,0.89,0.9,0.91,0.89,12572,3215,3.91,43.02%,"15:29 ET"
GME,21.64,Put,21,2023-06-09,1,0.28,0.3,0.31,0.31,12555,2911,4.31,125.67%,"15:32 ET"
MSFT,325.53,Put,325,2023-06-09,1,1.35,1.37,1.39,1.39,12542,5810,2.16,23.19%,"15:29 ET"
NVDA,386.27,Put,385,2023-06-16,8,9.25,9.3,9.35,9.25,12529,9379,1.34,41.86%,"15:29 ET"
NVDA,386.27,Call,390,2023-06-16,8,7.55,7.57,7.6,7.6,12429,14716,0.84,42.16%,"15:29 ET"
AMZN,123.85,Put,120,2023-06-16,8,0.86,0.87,0.88,0.87,12308,25578,0.48,32.84%,"15:32 ET"
AAPL,180.26,Call,185,2023-07-21,43,2.89,2.9,2.91,2.9,12259,38391,0.32,18.04%,"15:31 ET"
TSLA,234.47,Call,220,2023-06-16,8,16.55,16.6,16.65,16.65,12244,27293,0.45,56.04%,"15:29 ET"
MU,65.08,Put,64,2023-06-09,1,0.12,0.13,0.13,0.12,12234,1167,10.48,34.80%,"15:29 ET"
AFRM,19,Call,20,2023-06-16,8,0.87,0.88,0.88,0.9,12121,7815,1.55,118.71%,"15:31 ET"
MU,65.08,Put,65,2023-06-09,1,0.44,0.45,0.46,0.45,12070,3434,3.51,34.85%,"15:27 ET"
FDX,224.99,Call,180,2023-06-16,8,44.7,45.1,45.5,45.1,12064,864,13.96,79.04%,"15:29 ET"
F,13.56,Call,14,2023-06-16,8,0.11,0.11,0.12,0.11,12029,38832,0.31,34.63%,"15:28 ET"
INTC,31.67,Call,32,2023-06-16,8,0.62,0.63,0.63,0.63,12015,16620,0.72,40.69%,"15:31 ET"
WMB,31.59,Call,30,2023-06-09,1,1.55,1.63,1.7,1.6,12007,646,18.59,86.58%,"15:29 ET"
PLTR,15.26,Put,12,2023-11-17,162,1.1,1.12,1.14,1.11,11849,22801,0.52,69.60%,"14:44 ET"
SOFI,8.16,Call,10,2023-10-20,134,0.69,0.7,0.71,0.69,11811,7360,1.6,63.26%,"15:28 ET"
PLTR,15.26,Call,16,2023-06-16,8,0.41,0.42,0.42,0.42,11679,38455,0.3,82.03%,"15:28 ET"
AAPL,180.26,Call,175,2023-07-21,43,8.75,8.78,8.8,8.75,11670,65305,0.18,20.61%,"15:31 ET"
AMZN,123.85,Put,121,2023-06-09,1,0.15,0.16,0.16,0.16,11462,7137,1.61,40.03%,"15:31 ET"
VFC,19.77,Call,17.5,2023-06-16,8,2.15,2.2,2.25,2.2,11452,1002,11.43,52.06%,"15:28 ET"
AFRM,19,Call,17,2023-06-09,1,1.86,1.89,1.91,1.93,11429,2805,4.07,114.25%,"15:31 ET"
BA,219.07,Call,215,2023-06-09,1,4,4.1,4.2,3.95,11336,5232,2.17,36.61%,"15:31 ET"
AAL,15.34,Call,17,2023-07-21,43,0.21,0.22,0.22,0.22,11335,1423,7.97,34.82%,"15:28 ET"
UAL,49.92,Call,50,2023-06-09,1,0.31,0.33,0.35,0.32,11306,8531,1.33,34.29%,"15:28 ET"
BA,219.07,Put,215,2023-06-09,1,0.33,0.35,0.37,0.34,11304,509,22.21,33.55%,"15:32 ET"
BAC,29.27,Call,29,2023-06-09,1,0.33,0.34,0.35,0.35,11300,11973,0.94,29.45%,"15:27 ET"
F,13.56,Call,13.5,2023-06-09,1,0.13,0.14,0.14,0.14,11273,12386,0.91,39.37%,"15:30 ET"
AMD,121.05,Call,125,2023-06-16,8,2.95,2.97,2.99,2.97,11207,43756,0.26,65.11%,"15:30 ET"
SOFI,8.16,Call,8.5,2023-06-16,8,0.23,0.24,0.24,0.24,11144,7077,1.57,79.01%,"15:28 ET"
META,264.95,Put,262.5,2023-06-09,1,0.98,0.99,1,0.97,11134,2724,4.09,35.86%,"15:29 ET"
META,264.95,Put,255,2023-06-09,1,0.11,0.11,0.12,0.12,11122,3412,3.26,43.96%,"15:29 ET"
META,264.95,Put,260,2023-06-16,8,2.83,2.84,2.86,2.87,11045,6693,1.65,32.34%,"15:27 ET"
PLTR,15.26,Call,15,2023-06-16,8,0.79,0.8,0.8,0.79,10946,35408,0.31,77.19%,"15:29 ET"
WBD,14.01,Put,12.5,2023-09-15,99,0.7,0.72,0.73,0.71,10794,17886,0.6,50.18%,"15:18 ET"
GRAB,3.37,Call,3.5,2023-07-21,43,0.15,0.18,0.2,0.15,10777,11903,0.91,42.59%,"15:08 ET"
BABA,86.39,Call,90,2023-06-16,8,0.96,0.97,0.98,0.96,10756,38636,0.28,45.07%,"15:32 ET"
FDX,224.99,Call,195,2023-06-16,8,29.8,30.15,30.5,30.2,10724,754,14.22,53.84%,"15:29 ET"
VFC,19.77,Call,19,2023-06-09,1,0.65,0.7,0.75,0.7,10723,903,11.87,55.77%,"15:28 ET"
AMD,121.05,Call,124,2023-06-09,1,0.26,0.27,0.27,0.26,10696,11900,0.9,49.25%,"15:32 ET"
AFRM,19,Call,19,2023-06-09,1,0.5,0.52,0.53,0.52,10629,4369,2.43,147.72%,"15:32 ET"
UPST,33.18,Put,30,2023-06-09,1,0.15,0.16,0.17,0.17,10610,1197,8.86,154.92%,"15:26 ET"
AMZN,123.85,Call,123,2023-06-16,8,2.91,2.93,2.94,2.9,10574,7459,1.42,32.29%,"15:31 ET"
CVNA,25.13,Call,35,2024-01-19,225,6,6.2,6.4,6.07,10496,1036,10.13,112.14%,"15:31 ET"
NVDA,386.27,Call,405,2023-06-09,1,0.14,0.15,0.15,0.15,10458,7216,1.45,52.73%,"15:29 ET"
PLUG,9.59,Call,10,2023-06-16,8,0.4,0.41,0.41,0.41,10433,39520,0.26,104.09%,"15:28 ET"
GOOG,122.58,Call,123,2023-06-09,1,0.67,0.68,0.68,0.66,10364,2330,4.45,33.09%,"15:31 ET"
ADM,72.44,Put,70,2023-06-16,8,0.45,0.53,0.6,0.51,10356,568,18.23,33.44%,"15:24 ET"
AMD,121.05,Call,119,2023-06-09,1,2.13,2.17,2.2,2.16,10351,5015,2.06,39.54%,"15:32 ET"
TSLA,234.47,Put,227.5,2023-06-16,8,4.4,4.43,4.45,4.4,10306,1973,5.22,53.31%,"15:29 ET"
SOFI,8.16,Put,7,2023-07-21,43,0.25,0.26,0.26,0.25,10258,14656,0.7,66.60%,"15:28 ET"
AFRM,19,Call,20,2023-06-09,1,0.24,0.25,0.25,0.25,10245,4965,2.06,165.03%,"15:32 ET"
BYND,13.23,Call,15,2023-06-09,1,0.2,0.22,0.24,0.2,10195,102,99.95,289.69%,"15:32 ET"
UPST,33.18,Call,35,2023-06-09,1,0.55,0.57,0.58,0.58,10141,5153,1.97,198.59%,"15:29 ET"
AMC,4.72,Put,5,2023-06-16,8,0.47,0.48,0.49,0.47,10092,114992,0.09,102.35%,"15:31 ET"
WBD,14.01,Put,10,2023-09-15,99,0.18,0.2,0.21,0.19,10084,31311,0.32,55.49%,"13:54 ET"
SCHW,55.24,Call,65,2023-09-15,99,1.08,1.1,1.12,1.1,10062,10996,0.92,33.94%,"14:49 ET"
HAS,61.05,Put,45,2024-01-19,225,1.2,1.28,1.35,1.25,10005,867,11.54,38.87%,"14:50 ET"
HAS,61.05,Put,52.5,2024-01-19,225,2.45,2.53,2.6,2.6,10001,530,18.87,34.42%,"14:49 ET"
SIRI,3.88,Put,5,2023-07-21,43,1.11,1.23,1.35,1.3,10000,30079,0.33,99.90%,"11:02 ET"
META,264.95,Call,272.5,2023-06-09,1,0.26,0.27,0.27,0.28,9982,5311,1.88,41.35%,"15:29 ET"
DBI,8.85,Call,7.5,2023-07-21,43,1.3,1.33,1.35,1.3,9980,11926,0.84,39.04%,"15:32 ET"
SOFI,8.16,Call,9,2023-06-16,8,0.12,0.13,0.13,0.13,9849,10575,0.93,84.11%,"15:28 ET"
CCL,12.81,Call,14,2023-07-21,43,0.47,0.48,0.48,0.49,9847,33804,0.29,52.18%,"15:28 ET"
AMAT,136.44,Call,137,2023-06-09,1,0.64,0.66,0.67,0.64,9840,341,28.86,33.33%,"15:30 ET"
FDX,224.99,Call,220,2023-06-09,1,5,5.18,5.35,5.15,9814,705,13.92,34.06%,"15:29 ET"
NIO,7.78,Call,8.5,2023-06-09,1,0.2,0.21,0.21,0.21,9780,14722,0.66,290.43%,"15:32 ET"
CVNA,25.13,Call,19,2023-06-09,1,5.7,5.95,6.2,5.9,9760,958,10.19,243.98%,"15:31 ET"
INTC,31.67,Call,31.5,2023-06-09,1,0.37,0.38,0.39,0.39,9653,7326,1.32,41.68%,"15:31 ET"
NIO,7.78,Put,7.5,2023-08-18,71,0.83,0.85,0.86,0.83,9635,32041,0.3,74.14%,"15:23 ET"
DIS,92.39,Put,110,2023-06-16,8,17.6,17.65,17.7,17.65,9584,2289,4.19,62.74%,"15:32 ET"
AAPL,180.26,Put,180,2023-06-16,8,1.97,1.98,1.98,1.97,9572,23715,0.4,20.61%,"15:32 ET"
XPEV,8.46,Call,10,2023-07-21,43,0.28,0.29,0.29,0.29,9571,37124,0.26,66.39%,"15:28 ET"
GOOGL,122.04,Call,122,2023-06-09,1,0.85,0.86,0.87,0.85,9565,2111,4.53,32.43%,"15:32 ET"
BABA,86.39,Call,89,2023-06-09,1,0.13,0.14,0.14,0.14,9558,5881,1.63,50.94%,"15:32 ET"
MVIS,7.47,Call,8,2023-06-09,1,0.18,0.19,0.2,0.2,9547,7020,1.36,240.25%,"15:32 ET"
NIO,7.78,Put,7.5,2023-06-09,1,0.31,0.32,0.32,0.32,9518,13045,0.73,276.53%,"15:32 ET"
TSLA,234.47,Put,215,2023-06-16,8,1.4,1.4,1.41,1.41,9499,5986,1.59,55.40%,"15:29 ET"
XOM,108.21,Call,110,2023-06-16,8,0.88,0.89,0.9,0.89,9482,28156,0.34,25.47%,"15:25 ET"
SOFI,8.16,Call,7.5,2023-06-09,1,0.65,0.66,0.67,0.65,9441,23840,0.4,76.74%,"15:28 ET"
NFLX,406.23,Call,405,2023-06-09,1,4.3,4.4,4.5,4.3,9399,2733,3.44,44.27%,"15:29 ET"
NVDA,386.27,Call,392.5,2023-06-09,1,0.99,1,1.01,1,9380,6190,1.52,43.13%,"15:29 ET"
COIN,54.77,Call,55,2023-06-09,1,0.78,0.8,0.82,0.8,9324,10159,0.92,81.99%,"15:32 ET"
TSLA,234.47,Call,300,2023-07-21,43,3.4,3.43,3.45,3.45,9310,14329,0.65,61.44%,"15:29 ET"
AMD,121.05,Call,131,2023-06-16,8,1.48,1.5,1.51,1.5,9280,770,12.05,67.29%,"15:28 ET"
AMC,4.72,Call,10,2023-07-21,43,0.11,0.11,0.12,0.1,9275,314339,0.03,151.42%,"15:24 ET"
NVDA,386.27,Put,387.5,2023-06-16,8,10.5,10.58,10.65,10.7,9250,8077,1.15,41.92%,"15:29 ET"
AMZN,123.85,Call,124,2023-06-16,8,2.38,2.39,2.4,2.4,9249,4446,2.08,32.33%,"15:32 ET"
SNAP,10.08,Call,15,2025-01-17,589,2.12,2.13,2.14,2.13,9237,6372,1.45,63.14%,"15:29 ET"
NFLX,406.23,Call,410,2023-06-09,1,2.28,2.34,2.39,2.35,9188,6064,1.52,47.16%,"15:29 ET"
META,264.95,Call,260,2023-06-09,1,5.35,5.43,5.5,5.49,9183,2524,3.64,39.90%,"15:29 ET"
GME,21.64,Call,22,2023-06-09,1,0.43,0.46,0.5,0.47,9172,645,14.22,143.15%,"15:31 ET"
PLTR,15.26,Put,15,2023-06-16,8,0.59,0.6,0.6,0.57,9168,12360,0.74,77.28%,"15:26 ET"
AMD,121.05,Put,121,2023-06-09,1,1.28,1.3,1.32,1.28,9150,6097,1.5,47.16%,"15:32 ET"
PLTR,15.26,Call,18,2023-08-18,71,1.14,1.15,1.16,1.19,9136,10742,0.85,77.15%,"15:22 ET"
AMZN,123.85,Call,126,2023-06-16,8,1.53,1.54,1.55,1.54,9028,6450,1.4,32.29%,"15:32 ET"
AAPL,180.26,Put,170,2023-06-16,8,0.19,0.2,0.2,0.19,9025,58107,0.16,26.48%,"15:32 ET"
LYFT,10.62,Put,5,2025-01-17,589,0.61,0.64,0.66,0.64,9016,1481,6.09,73.89%,"15:25 ET"
NIO,7.78,Call,9,2023-06-09,1,0.11,0.11,0.12,0.11,8990,15911,0.57,288.72%,"15:32 ET"
SOFI,8.16,Call,11,2024-01-19,225,0.77,0.79,0.8,0.8,8968,1205,7.44,61.22%,"15:18 ET"
LYFT,10.62,Call,11,2023-07-21,43,0.66,0.67,0.67,0.66,8938,11538,0.77,54.40%,"15:31 ET"
MU,65.08,Call,65,2023-06-09,1,0.5,0.52,0.53,0.52,8934,1388,6.44,36.51%,"15:33 ET"
AMZN,123.85,Call,128,2023-06-16,8,0.95,0.96,0.97,0.97,8917,6037,1.48,32.94%,"15:31 ET"
MSFT,325.53,Call,330,2023-06-16,8,2.38,2.39,2.4,2.38,8888,17203,0.52,21.70%,"15:29 ET"
NIO,7.78,Call,9,2023-07-21,43,0.44,0.45,0.46,0.46,8867,14813,0.6,82.01%,"15:32 ET"
META,264.95,Put,257.5,2023-06-09,1,0.21,0.22,0.22,0.22,8852,2445,3.62,40.06%,"15:28 ET"
GOOGL,122.04,Put,122,2023-06-09,1,0.82,0.83,0.84,0.86,8831,4033,2.19,33.46%,"15:31 ET"
TSLA,234.47,Call,310,2023-10-20,134,10.6,10.65,10.7,10.68,8816,10614,0.83,54.53%,"15:28 ET"
PLTR,15.26,Call,20,2024-01-19,225,1.86,1.89,1.91,1.91,8743,65248,0.13,67.97%,"15:23 ET"
AMD,121.05,Call,126,2023-06-09,1,0.1,0.11,0.11,0.11,8738,7876,1.11,54.44%,"15:31 ET"
SHOP,59.9,Call,60,2023-06-09,1,0.6,0.61,0.62,0.63,8714,4112,2.12,57.22%,"15:29 ET"
SE,63.87,Call,64,2023-06-16,8,1.72,1.74,1.76,1.73,8661,436,19.86,47.96%,"15:27 ET"
MARA,9.73,Put,9.5,2023-06-09,1,0.11,0.11,0.12,0.12,8645,8301,1.04,96.79%,"15:30 ET"
COIN,54.77,Put,50,2023-06-09,1,0.1,0.11,0.11,0.1,8636,15256,0.57,116.82%,"15:32 ET"
BABA,86.39,Call,87,2023-06-09,1,0.46,0.48,0.5,0.49,8594,4048,2.12,44.34%,"15:32 ET"
TSLA,234.47,Call,247.5,2023-06-09,1,0.26,0.27,0.28,0.26,8560,4085,2.1,71.24%,"15:29 ET"
RIVN,14.16,Call,15,2023-06-16,8,0.36,0.37,0.37,0.37,8554,27167,0.31,82.85%,"15:29 ET"
CVNA,25.13,Call,24,2023-06-09,1,2.35,2.42,2.49,2.32,8527,408,20.9,382.13%,"15:32 ET"
AAPL,180.26,Put,180,2023-06-30,22,2.96,2.98,2.99,3,8516,4843,1.76,18.87%,"15:32 ET"
TSLA,234.47,Call,227.5,2023-06-16,8,11.2,11.27,11.35,11.25,8511,2695,3.16,54.46%,"15:29 ET"
TSLA,234.47,Call,300,2023-06-30,22,0.93,0.94,0.94,0.94,8504,3949,2.15,62.49%,"15:29 ET"
MSFT,325.53,Put,322.5,2023-06-09,1,0.56,0.58,0.59,0.57,8497,7765,1.09,23.95%,"15:29 ET"
CVNA,25.13,Call,21,2023-06-09,1,4.05,4.23,4.4,4.2,8480,902,9.4,322.32%,"15:29 ET"
NVDA,386.27,Call,385,2023-06-16,8,9.75,9.8,9.85,9.85,8468,4948,1.71,42.04%,"15:29 ET"
AMD,121.05,Call,130,2023-06-30,22,3,3.03,3.05,3.05,8464,2055,4.12,53.27%,"15:31 ET"
ARLO,9.25,Put,10,2023-07-21,43,1,1.03,1.05,1.05,8462,361,23.44,49.00%,"15:31 ET"
AMC,4.72,Put,10,2023-07-21,43,6.05,6.1,6.15,6.1,8417,300662,0.03,292.31%,"15:32 ET"
GOOGL,122.04,Put,120,2023-06-16,8,1.18,1.19,1.19,1.19,8391,14082,0.6,29.28%,"15:32 ET"
MMM,100.91,Put,96,2023-06-16,8,0.32,0.33,0.35,0.35,8371,1457,5.75,32.00%,"15:31 ET"
SE,63.87,Call,70,2023-06-16,8,0.28,0.3,0.31,0.3,8348,8477,0.98,52.49%,"15:28 ET"
WBD,14.01,Call,15,2023-07-21,43,0.48,0.49,0.49,0.49,8328,25022,0.33,45.19%,"15:28 ET"
LYFT,10.62,Call,11,2024-01-19,225,2.08,2.1,2.12,2.02,8328,10217,0.82,63.77%,"15:00 ET"
PLTR,15.26,Call,15.5,2023-06-16,8,0.57,0.58,0.58,0.58,8325,7362,1.13,79.71%,"15:29 ET"
MSFT,325.53,Put,320,2023-06-09,1,0.23,0.24,0.25,0.24,8283,4121,2.01,26.21%,"15:29 ET"
MU,65.08,Call,66,2023-06-09,1,0.18,0.19,0.19,0.18,8243,850,9.7,38.31%,"15:32 ET"
META,264.95,Put,255,2023-06-16,8,1.56,1.57,1.58,1.58,8173,3767,2.17,33.51%,"15:28 ET"
NVDA,386.27,Call,397.5,2023-06-09,1,0.42,0.43,0.44,0.44,8162,2845,2.87,46.42%,"15:29 ET"
OXY,59.49,Call,60,2023-06-09,1,0.14,0.16,0.18,0.14,8122,7621,1.07,27.21%,"15:29 ET"
BKR,30.4,Call,31,2023-07-21,43,1.05,1.1,1.15,1.1,8115,8558,0.95,32.79%,"14:14 ET"
META,264.95,Call,262.5,2023-06-09,1,3.4,3.45,3.5,3.42,8113,996,8.15,35.64%,"15:26 ET"
BKR,30.4,Put,26,2023-07-21,43,0.15,0.2,0.25,0.25,8100,8318,0.97,40.39%,"12:55 ET"
GOOGL,122.04,Put,115,2023-06-16,8,0.28,0.29,0.29,0.29,8081,10643,0.76,32.64%,"15:32 ET"
BAC,29.27,Call,30,2023-07-21,43,0.78,0.79,0.79,0.79,8051,28131,0.29,27.05%,"15:29 ET"
NIO,7.78,Call,9,2023-06-16,8,0.21,0.22,0.22,0.21,8045,20982,0.38,130.99%,"15:32 ET"
FDX,224.99,Call,190,2023-06-16,8,34.85,35.2,35.55,35.15,8040,554,14.51,64.26%,"15:29 ET"
BTU,19.59,Put,14,2024-01-19,225,0.87,0.92,0.96,0.9,8033,514,15.63,58.43%,"13:09 ET"
TSLA,234.47,Put,205,2023-07-21,43,6.15,6.2,6.25,6.11,8015,10074,0.8,57.66%,"15:24 ET"
INTC,31.67,Call,32.5,2023-06-16,8,0.43,0.44,0.44,0.43,7999,20123,0.4,40.08%,"15:30 ET"
BA,219.07,Call,217.5,2023-06-09,1,2.1,2.18,2.25,2.26,7977,2152,3.71,33.35%,"15:32 ET"
BYND,13.23,Call,12,2023-06-09,1,1.04,1.14,1.24,1.07,7967,2740,2.91,130.57%,"15:32 ET"
LYFT,10.62,Call,10.5,2023-06-09,1,0.2,0.21,0.21,0.2,7966,8632,0.92,55.89%,"15:28 ET"
GOOG,122.58,Call,125,2023-07-21,43,3.3,3.35,3.4,3.3,7953,5318,1.5,24.01%,"15:31 ET"
COIN,54.77,Call,56,2023-06-09,1,0.39,0.41,0.43,0.39,7900,3603,2.19,77.11%,"15:31 ET"
TSLA,234.47,Call,245,2023-06-16,8,3.7,3.75,3.8,3.75,7787,4675,1.67,56.68%,"15:28 ET"
AMD,121.05,Put,115,2023-06-16,8,2.04,2.05,2.07,2.04,7771,35981,0.22,62.97%,"15:31 ET"
PYPL,64.4,Call,72.5,2023-07-21,43,0.67,0.69,0.7,0.69,7745,37959,0.2,33.81%,"15:28 ET"
NVDA,386.27,Call,410,2023-06-16,8,2.35,2.38,2.4,2.37,7727,25028,0.31,43.79%,"15:29 ET"
SCHW,55.24,Call,56,2023-06-16,8,0.8,0.83,0.85,0.81,7648,7776,0.98,36.00%,"15:29 ET"
NVDA,386.27,Call,500,2023-07-21,43,1.5,1.51,1.52,1.52,7645,39604,0.19,45.80%,"15:25 ET"
TSLA,234.47,Call,240,2023-06-23,15,7.3,7.35,7.4,7.35,7632,2279,3.35,51.60%,"15:28 ET"
WMT,152.26,Call,152.5,2023-06-09,1,0.36,0.37,0.38,0.36,7621,4048,1.88,16.04%,"15:29 ET"
TSLA,234.47,Call,265,2023-06-30,22,3.25,3.28,3.3,3.3,7525,1487,5.06,54.58%,"15:25 ET"
NVDA,386.27,Put,370,2023-06-16,8,3.5,3.55,3.6,3.65,7506,7334,1.02,41.88%,"15:28 ET"
RIG,6.39,Put,3.5,2024-01-19,225,0.15,0.16,0.17,0.16,7500,22029,0.34,70.47%,"11:16 ET"
AMD,121.05,Put,110,2023-06-16,8,0.83,0.84,0.84,0.81,7499,25249,0.3,62.19%,"15:28 ET"
PLTR,15.26,Put,15.5,2023-06-09,1,0.48,0.49,0.49,0.46,7497,4161,1.8,93.50%,"15:26 ET"
NVDA,386.27,Call,380,2023-06-16,8,12.35,12.48,12.6,12.41,7478,7882,0.95,41.44%,"15:29 ET"
UPST,33.18,Call,31,2023-06-09,1,2.08,2.19,2.3,2.26,7442,2337,3.18,166.67%,"15:27 ET"
CVNA,25.13,Call,26,2023-06-09,1,1.65,1.69,1.72,1.68,7434,1697,4.38,413.76%,"15:32 ET"
AAPL,180.26,Call,190,2023-06-16,8,0.12,0.13,0.13,0.13,7433,44842,0.17,21.42%,"15:31 ET"
CVNA,25.13,Put,20,2023-06-16,8,1,1.02,1.04,1.03,7429,500,14.86,215.45%,"15:32 ET"
TSLA,234.47,Call,237.5,2023-06-16,8,6.1,6.15,6.2,6.16,7358,2793,2.63,55.26%,"15:29 ET"
AMC,4.72,Call,4.5,2023-06-09,1,0.2,0.21,0.21,0.2,7352,13785,0.53,67.04%,"15:32 ET"
INTC,31.67,Call,31,2023-06-09,1,0.75,0.76,0.77,0.77,7324,13714,0.53,44.40%,"15:31 ET"
MU,65.08,Call,70,2023-06-16,8,0.18,0.19,0.19,0.2,7301,21597,0.34,38.47%,"15:21 ET"
WMB,31.59,Call,29,2023-06-09,1,2.55,2.63,2.7,2.6,7284,387,18.82,124.64%,"15:29 ET"
ADBE,439.38,Call,440,2023-06-09,1,3.5,3.55,3.6,3.6,7278,776,9.38,43.85%,"15:32 ET"
TEVA,7.45,Call,9,2023-09-15,99,0.23,0.24,0.25,0.24,7245,21564,0.34,44.16%,"15:28 ET"
PG,146.13,Call,165,2023-10-20,134,0.41,0.47,0.53,0.48,7238,8894,0.81,13.29%,"15:24 ET"
TSLA,234.47,Call,230,2023-06-30,22,14,14.08,14.15,14.05,7226,4095,1.76,51.03%,"15:29 ET"
GME,21.64,Call,23,2023-06-09,1,0.21,0.22,0.23,0.21,7218,1710,4.22,150.05%,"15:32 ET"
CVX,159.19,Call,165,2023-06-16,8,0.38,0.4,0.41,0.4,7213,4887,1.48,23.31%,"15:31 ET"
WBA,31.84,Call,32,2023-06-09,1,0.11,0.11,0.12,0.11,7206,4967,1.45,27.72%,"15:23 ET"
BABA,86.39,Call,150,2024-01-19,225,1.27,1.28,1.28,1.26,7197,32207,0.22,45.41%,"15:31 ET"
TSLA,234.47,Call,217.5,2023-06-09,1,16.5,16.68,16.85,16.5,7146,8883,0.8,53.93%,"15:29 ET"
NKE,106.26,Put,120,2023-06-16,8,13.95,14.02,14.1,13.95,7146,3498,2.04,42.35%,"15:32 ET"
WBD,14.01,Call,14,2023-06-16,8,0.39,0.4,0.41,0.4,7110,1251,5.68,51.17%,"15:28 ET"
CVNA,25.13,Call,60,2023-06-16,8,0.22,0.24,0.25,0.25,7103,1090,6.52,326.81%,"15:32 ET"
AMZN,123.85,Call,130,2023-07-21,43,2.56,2.57,2.57,2.56,7099,24912,0.28,27.33%,"15:32 ET"
AMZN,123.85,Call,125,2023-07-21,43,4.55,4.57,4.6,4.55,7075,46848,0.15,27.65%,"15:29 ET"
CCJ,30.84,Call,32,2023-06-16,8,0.31,0.32,0.32,0.31,7074,17552,0.4,42.05%,"15:32 ET"
BAC,29.27,Call,30,2023-06-16,8,0.18,0.19,0.19,0.19,7069,57645,0.12,26.44%,"15:28 ET"
SNAP,10.08,Put,10,2023-06-16,8,0.3,0.31,0.31,0.3,7058,74189,0.1,58.27%,"15:04 ET"
PLTR,15.26,Call,20,2023-07-21,43,0.33,0.34,0.34,0.34,7055,18029,0.39,75.11%,"15:28 ET"
NKE,106.26,Put,125,2023-06-16,8,18.95,19.03,19.1,18.95,7021,2282,3.08,53.77%,"15:32 ET"
GME,21.64,Call,30,2023-06-16,8,0.12,0.13,0.13,0.12,6912,12371,0.56,138.15%,"15:29 ET"
NVDA,386.27,Put,380,2023-06-16,8,6.85,6.93,7,6.95,6911,6309,1.1,41.90%,"15:29 ET"
VFC,19.77,Call,18.5,2023-06-09,1,1.15,1.2,1.25,1.2,6888,643,10.71,83.76%,"15:28 ET"
U,36.19,Call,36,2023-06-09,1,0.6,0.62,0.63,0.6,6880,3785,1.82,76.41%,"15:28 ET"
PLAY,38.67,Call,40,2023-06-16,8,0.45,0.5,0.55,0.53,6845,1897,3.61,48.84%,"15:31 ET"
SOFI,8.16,Call,12.5,2024-01-19,225,0.53,0.54,0.55,0.54,6832,21307,0.32,61.05%,"15:13 ET"
MCD,285.41,Call,287.5,2023-06-09,1,0.17,0.2,0.23,0.2,6741,922,7.31,14.43%,"15:30 ET"
WMT,152.26,Call,152.5,2023-06-16,8,1.13,1.15,1.16,1.14,6719,6488,1.04,13.92%,"15:29 ET"
NVAX,7.74,Call,8,2023-06-09,1,0.02,0.08,0.13,0.13,6648,2127,3.13,161.53%,"15:32 ET"
BA,219.07,Put,212.5,2023-06-09,1,0.13,0.14,0.14,0.13,6617,1228,5.39,37.08%,"15:30 ET"
NVDA,386.27,Put,387.5,2023-06-09,1,4.6,4.73,4.85,4.65,6591,2157,3.06,41.90%,"15:29 ET"
BAC,29.27,Call,29,2023-06-16,8,0.62,0.63,0.63,0.61,6591,23898,0.28,27.33%,"15:32 ET"
BA,219.07,Call,222.5,2023-06-09,1,0.36,0.39,0.42,0.39,6575,1417,4.64,35.62%,"15:30 ET"
WBD,14.01,Put,12.5,2023-07-21,43,0.3,0.31,0.31,0.3,6563,11874,0.55,47.19%,"15:16 ET"
TSLA,234.47,Put,232.5,2023-06-16,8,6.55,6.57,6.6,6.55,6530,389,16.79,53.50%,"15:29 ET"
AMD,121.05,Call,122,2023-06-16,8,4.05,4.07,4.1,4.1,6521,2710,2.41,64.33%,"15:32 ET"
PDD,75.55,Call,75,2023-06-16,8,2.67,2.74,2.8,2.7,6515,37813,0.17,53.47%,"15:22 ET"
TSLA,234.47,Call,230,2023-07-21,43,20.55,20.63,20.7,20.65,6510,11387,0.57,56.39%,"15:29 ET"
COIN,54.77,Put,54,2023-06-09,1,0.68,0.7,0.71,0.68,6505,2215,2.94,87.57%,"15:32 ET"
MVIS,7.47,Call,8,2023-06-16,8,0.62,0.63,0.64,0.59,6492,3963,1.64,183.63%,"15:28 ET"
PLTR,15.26,Put,14.5,2023-06-16,8,0.37,0.38,0.38,0.37,6480,9050,0.72,75.39%,"15:27 ET"
GOOGL,122.04,Call,125,2023-06-16,8,0.98,0.99,0.99,0.98,6466,36108,0.18,28.79%,"15:32 ET"
HD,301.46,Call,305,2023-06-09,1,0.26,0.28,0.29,0.27,6461,2077,3.11,23.51%,"15:32 ET"
TSLA,234.47,Call,250,2023-06-30,22,6.15,6.2,6.25,6.19,6459,6617,0.98,52.26%,"15:29 ET"
SGEN,195,Call,210,2023-06-16,8,0.65,0.73,0.8,0.7,6427,6409,1,41.25%,"14:36 ET"
WDC,40.19,Call,45,2023-07-21,43,0.54,0.55,0.56,0.55,6420,3288,1.95,35.92%,"15:10 ET"
BAC,29.27,Call,29,2023-06-30,22,0.91,0.92,0.92,0.91,6400,3722,1.72,26.41%,"15:24 ET"
AMZN,123.85,Put,120,2023-06-09,1,0.09,0.1,0.1,0.1,6396,8215,0.78,43.80%,"15:32 ET"
WDC,40.19,Call,42.5,2023-07-21,43,1.14,1.15,1.16,1.15,6384,6956,0.92,35.89%,"15:24 ET"
BYND,13.23,Call,13,2023-06-09,1,0.55,0.58,0.61,0.6,6384,216,29.56,216.96%,"15:31 ET"
PDD,75.55,Call,78,2023-06-16,8,1.55,1.58,1.6,1.54,6349,15417,0.41,57.19%,"15:23 ET"
NVDA,386.27,Call,420,2023-06-16,8,1.27,1.29,1.3,1.28,6308,17081,0.37,45.16%,"15:28 ET"
BEKE,17.12,Call,20,2023-10-20,134,1.18,1.23,1.27,1.24,6306,19311,0.33,51.72%,"14:51 ET"
AMD,121.05,Put,122,2023-06-09,1,1.91,1.96,2.01,1.75,6293,6923,0.91,50.81%,"15:25 ET"
AZN,74.4,Call,75,2023-06-16,8,0.96,1,1.04,1.03,6278,16504,0.38,28.45%,"15:32 ET"
RIOT,10.67,Call,11,2023-06-09,1,0.11,0.11,0.12,0.12,6270,8997,0.7,117.10%,"15:27 ET"
ISEE,38.37,Call,40,2023-09-15,99,0.15,0.18,0.2,0.15,6269,68975,0.09,6.43%,"14:52 ET"
TSLA,234.47,Call,240,2023-07-21,43,15.95,16,16.05,16.01,6249,10775,0.58,56.34%,"15:29 ET"
PLTR,15.26,Put,11,2023-11-17,162,0.78,0.8,0.82,0.8,6225,9892,0.63,70.53%,"14:20 ET"
PLTR,15.26,Call,14.5,2023-06-09,1,0.74,0.75,0.76,0.76,6216,8270,0.75,98.50%,"15:28 ET"
MARA,9.73,Call,10,2023-06-16,8,0.44,0.45,0.46,0.45,6204,34063,0.18,102.76%,"15:31 ET"
ADBE,439.38,Call,450,2023-06-09,1,1.11,1.13,1.15,1.13,6182,3618,1.71,50.58%,"15:32 ET"
NFLX,406.23,Call,420,2023-06-09,1,0.58,0.6,0.61,0.61,6178,5663,1.09,52.74%,"15:29 ET"
AMZN,123.85,Put,124,2023-06-16,8,2.31,2.32,2.33,2.38,6178,2489,2.48,32.05%,"15:26 ET"
AFRM,19,Call,17,2023-06-16,8,2.28,2.32,2.36,2.33,6140,1643,3.74,108.95%,"15:32 ET"
AFRM,19,Call,18.5,2023-06-09,1,0.71,0.73,0.74,0.76,6123,2674,2.29,133.52%,"15:31 ET"
UPST,33.18,Call,33,2023-06-16,8,2.34,2.37,2.39,2.28,6103,976,6.25,125.31%,"15:28 ET"
GME,21.64,Call,22,2023-06-16,8,0.97,0.98,0.98,0.99,6097,4292,1.42,89.86%,"15:31 ET"
COIN,54.77,Put,52,2023-06-09,1,0.23,0.24,0.25,0.25,6097,2639,2.31,100.53%,"15:30 ET"
TSLA,234.47,Put,222.5,2023-06-16,8,2.85,2.86,2.87,2.88,6071,1923,3.16,53.87%,"15:29 ET"
MSFT,325.53,Call,325,2023-06-16,8,4.55,4.6,4.65,4.58,6061,14739,0.41,22.11%,"15:29 ET"
TSLA,234.47,Put,116.67,2023-09-15,99,0.67,0.68,0.68,0.68,6041,13060,0.46,71.92%,"15:03 ET"
MARA,9.73,Call,9.5,2023-06-09,1,0.28,0.29,0.3,0.3,6039,9972,0.61,101.42%,"15:31 ET"
T,16,Call,17,2023-07-21,43,0.1,0.11,0.11,0.1,6038,41304,0.15,19.33%,"15:22 ET"
TSLA,234.47,Call,240,2023-06-30,22,9.4,9.43,9.45,9.4,6037,4768,1.27,51.23%,"15:27 ET"
FDX,224.99,Call,185,2023-06-16,8,39.8,40.05,40.3,40.25,6030,411,14.67,54.96%,"15:29 ET"
NIO,7.78,Call,7.5,2023-06-09,1,0.58,0.59,0.59,0.59,6029,12389,0.49,279.12%,"15:32 ET"
SWN,5.33,Call,7,2024-01-19,225,0.29,0.32,0.34,0.34,6021,25271,0.24,46.91%,"15:04 ET"
PACW,9.19,Call,9.5,2023-06-09,1,0.1,0.13,0.15,0.1,6020,4301,1.4,118.96%,"15:18 ET"
AFRM,19,Call,18,2023-06-16,8,1.69,1.7,1.71,1.7,6020,1559,3.86,111.00%,"15:32 ET"
SIRI,3.88,Put,4,2023-06-16,8,0.17,0.21,0.24,0.18,6011,29750,0.2,50.77%,"15:05 ET"
NIO,7.78,Put,7,2023-06-16,8,0.24,0.25,0.25,0.25,6011,6202,0.97,127.03%,"15:32 ET"
NIO,7.78,Put,7.5,2023-06-16,8,0.44,0.45,0.45,0.45,6011,61912,0.1,128.05%,"15:32 ET"
SIRI,3.88,Put,4,2023-08-18,71,0.49,0.53,0.56,0.51,6010,2467,2.44,67.30%,"12:55 ET"
FTCH,5.49,Put,5,2023-07-21,43,0.26,0.28,0.29,0.29,6000,16223,0.37,70.83%,"13:42 ET"
AI,36.47,Call,40,2023-06-09,1,0.1,0.13,0.15,0.1,6000,8765,0.68,128.13%,"15:31 ET"
PLTR,15.26,Call,16,2023-07-21,43,1.06,1.07,1.07,1.06,5990,17430,0.34,65.51%,"15:28 ET"
AMC,4.72,Put,5,2023-06-23,15,0.65,0.67,0.68,0.65,5975,13896,0.43,124.17%,"15:31 ET"
AMC,4.72,Put,3,2023-08-18,71,0.65,0.67,0.69,0.68,5971,105235,0.06,214.59%,"15:31 ET"
AMZN,123.85,Put,122,2023-06-16,8,1.44,1.45,1.46,1.45,5961,4122,1.45,32.15%,"15:32 ET"
AMD,121.05,Call,118,2023-06-09,1,2.87,2.93,2.99,2.98,5948,2620,2.27,39.40%,"15:31 ET"
AAPL,180.26,Put,172.5,2023-06-16,8,0.32,0.33,0.33,0.32,5938,18160,0.33,24.36%,"15:32 ET"
OHI,30.95,Put,31,2023-06-16,8,0.4,0.45,0.5,0.4,5933,2656,2.23,19.10%,"15:28 ET"
AAL,15.34,Call,15,2023-06-16,8,0.48,0.49,0.49,0.48,5924,51201,0.12,32.57%,"15:31 ET"
NVDA,386.27,Call,450,2023-07-21,43,4.35,4.4,4.45,4.45,5914,4964,1.19,41.42%,"15:27 ET"
TSLA,234.47,Call,230,2023-06-23,15,11.9,11.98,12.05,11.97,5913,3923,1.51,51.18%,"15:29 ET"
AMZN,123.85,Call,127,2023-06-16,8,1.21,1.22,1.23,1.2,5912,7825,0.76,32.49%,"15:30 ET"
CCJ,30.84,Call,32,2023-09-15,99,2.08,2.09,2.11,2.12,5880,5358,1.1,38.52%,"15:31 ET"
COIN,54.77,Call,53,2023-06-09,1,2.05,2.1,2.15,2,5874,3444,1.71,91.51%,"15:28 ET"
OPCH,31.44,Call,30,2023-07-21,43,3,3.15,3.3,2.8,5856,8515,0.69,52.45%,"13:26 ET"
CVNA,25.13,Call,25,2023-07-21,43,5,5.2,5.4,5.2,5856,152,38.53,154.01%,"15:30 ET"
BYND,13.23,Call,12,2023-06-16,8,1.49,1.53,1.57,1.53,5836,1661,3.51,125.20%,"15:32 ET"
GME,21.64,Call,22,2023-06-30,22,1.35,1.42,1.49,1.35,5821,250,23.28,71.07%,"15:21 ET"
NFLX,406.23,Put,400,2023-06-09,1,1.33,1.36,1.39,1.34,5820,2534,2.3,42.56%,"15:27 ET"
TSLA,234.47,Call,375,2024-03-15,281,12.7,12.8,12.9,12.65,5816,4180,1.39,53.07%,"15:11 ET"
CVNA,25.13,Call,22,2023-06-16,8,4.7,4.78,4.85,4.66,5816,146,39.84,226.06%,"15:31 ET"
AGNC,9.73,Call,10,2023-07-21,43,0.18,0.19,0.19,0.19,5814,20642,0.28,25.58%,"15:27 ET"
PDD,75.55,Call,77,2023-06-09,1,0.43,0.44,0.44,0.43,5797,1988,2.92,62.20%,"15:28 ET"
AMD,121.05,Call,130,2023-06-23,15,2.31,2.33,2.35,2.35,5788,6942,0.83,56.72%,"15:28 ET"
AMZN,123.85,Call,122,2023-06-09,1,2.16,2.23,2.29,2.23,5759,5024,1.15,37.30%,"15:32 ET"
SHOP,59.9,Call,61,2023-06-09,1,0.29,0.3,0.31,0.31,5753,2461,2.34,61.22%,"15:27 ET"
LCID,6.3,Call,6.5,2023-06-16,8,0.2,0.21,0.21,0.2,5748,3484,1.65,74.06%,"15:32 ET"
PLTR,15.26,Put,13,2023-11-17,162,1.46,1.5,1.53,1.52,5747,7745,0.74,69.88%,"15:02 ET"
VFC,19.77,Call,17.5,2023-06-09,1,2.15,2.22,2.3,2.2,5734,542,10.58,175.33%,"15:28 ET"
SGML,41.8,Call,45,2023-06-16,8,0.35,0.52,0.7,0.5,5723,2297,2.49,63.06%,"15:28 ET"
AMD,121.05,Call,95,2023-06-16,8,25.8,25.88,25.95,25.76,5713,24866,0.23,69.22%,"15:28 ET"
MSFT,325.53,Call,340,2023-08-18,71,8.15,8.2,8.25,8.3,5705,6467,0.88,22.74%,"15:12 ET"
MU,65.08,Call,65,2023-06-16,8,1.44,1.45,1.46,1.43,5684,25733,0.22,36.43%,"15:32 ET"
BAC,29.27,Call,29.5,2023-06-16,8,0.35,0.36,0.36,0.35,5678,11667,0.49,25.94%,"15:28 ET"
NKE,106.26,Put,105,2023-06-09,1,0.24,0.25,0.26,0.24,5670,2852,1.99,26.90%,"15:32 ET"
MPW,9.31,Put,7,2023-07-21,43,0.19,0.21,0.22,0.2,5663,78042,0.07,83.40%,"15:27 ET"
SAVA,24.73,Call,25,2023-06-09,1,0.78,0.88,0.98,0.98,5655,259,21.83,206.00%,"15:29 ET"
SNAP,10.08,Call,20,2025-05-16,708,1.61,1.64,1.67,1.66,5624,2003,2.81,62.22%,"15:29 ET"
BABA,86.39,Call,145,2024-01-19,225,1.47,1.48,1.5,1.5,5623,7308,0.77,45.06%,"15:31 ET"
GME,21.64,Call,21,2023-06-09,1,0.87,0.91,0.95,0.92,5602,963,5.82,128.67%,"15:31 ET"
NFLX,406.23,Call,415,2023-06-09,1,1.15,1.19,1.22,1.19,5598,3545,1.58,49.52%,"15:29 ET"
MU,65.08,Call,72.5,2023-07-21,43,1.18,1.19,1.19,1.19,5590,9746,0.57,39.46%,"15:23 ET"
NKE,106.26,Call,130,2023-09-15,99,0.5,0.51,0.52,0.52,5561,10275,0.54,25.81%,"15:30 ET"
GOOGL,122.04,Call,123,2023-06-16,8,1.68,1.69,1.7,1.68,5547,1069,5.19,28.62%,"15:32 ET"
MU,65.08,Put,66,2023-06-16,8,1.84,1.86,1.87,1.87,5542,3272,1.69,35.42%,"15:20 ET"
AI,36.47,Call,37,2023-06-09,1,0.6,0.63,0.65,0.63,5539,3124,1.77,112.53%,"15:28 ET"
META,264.95,Call,265,2023-06-16,8,5.15,5.2,5.25,5.15,5536,7905,0.7,32.29%,"15:29 ET"
TSLA,234.47,Put,235,2023-06-16,8,7.8,7.85,7.9,7.85,5531,2004,2.76,53.74%,"15:29 ET"
AMC,4.72,Call,4,2024-01-19,225,1.1,1.14,1.17,1.17,5530,10610,0.52,51.29%,"15:03 ET"
GME,21.64,Call,25,2023-07-21,43,1,1.01,1.01,1,5523,3622,1.52,71.49%,"15:28 ET"
MPW,9.31,Put,9,2023-06-16,8,0.29,0.3,0.31,0.31,5521,6092,0.91,83.24%,"15:13 ET"
SOFI,8.16,Put,8,2023-10-20,134,1.15,1.15,1.16,1.15,5516,1532,3.6,66.91%,"15:28 ET"
MBLY,41.92,Put,35,2023-07-21,43,0.7,0.73,0.75,0.73,5514,800,6.89,57.82%,"15:23 ET"
CVNA,25.13,Put,15,2023-06-16,8,0.12,0.13,0.13,0.13,5506,1483,3.71,210.48%,"15:32 ET"
AMD,121.05,Call,124,2023-06-16,8,3.25,3.3,3.35,3.29,5500,3709,1.48,64.49%,"15:30 ET"
PYPL,64.4,Call,67,2023-06-09,1,0.18,0.19,0.19,0.19,5498,6277,0.88,73.23%,"15:28 ET"
NIO,7.78,Call,10,2023-06-16,8,0.1,0.11,0.11,0.11,5454,39774,0.14,144.38%,"15:32 ET"
BABA,86.39,Call,86,2023-06-09,1,0.87,0.9,0.93,0.9,5443,3526,1.54,42.05%,"15:31 ET"
COST,519.39,Call,520,2023-06-09,1,1.88,1.94,1.99,1.92,5439,2357,2.31,19.64%,"15:32 ET"
TSLA,234.47,Put,185,2023-09-15,99,6.6,6.65,6.7,6.67,5435,2143,2.54,56.34%,"15:19 ET"
MPW,9.31,Call,10,2023-07-21,43,0.34,0.35,0.35,0.34,5431,15811,0.34,49.20%,"15:32 ET"
AMD,121.05,Call,128,2023-06-30,22,3.5,3.55,3.6,3.55,5425,265,20.47,52.50%,"15:29 ET"
GRPN,5.7,Put,2,2023-09-15,99,0.05,0.13,0.2,0.1,5422,5561,0.98,150.15%,"12:27 ET"
CSCO,49.72,Put,45,2023-07-21,43,0.15,0.16,0.16,0.15,5418,21020,0.26,22.01%,"15:10 ET"
U,36.19,Call,36.5,2023-06-09,1,0.39,0.41,0.43,0.41,5403,2651,2.04,80.38%,"15:28 ET"
AAPL,180.26,Call,200,2023-12-15,190,4.95,5,5.05,4.95,5388,16141,0.33,19.86%,"15:29 ET"
NFLX,406.23,Call,407.5,2023-06-09,1,3.15,3.22,3.3,3.31,5379,1350,3.98,45.97%,"15:27 ET"
NIO,7.78,Call,7.5,2023-08-18,71,1.16,1.17,1.19,1.19,5375,6377,0.84,75.96%,"15:26 ET"
AAPL,180.26,Put,180,2023-07-21,43,4,4.05,4.1,4.05,5366,11711,0.46,18.71%,"15:32 ET"
AAPL,180.26,Call,180,2023-06-23,15,3.15,3.18,3.2,3.2,5366,6449,0.83,19.72%,"15:32 ET"
FDX,224.99,Call,175,2023-06-16,8,49.85,50.2,50.55,50.25,5362,388,13.82,54.05%,"15:29 ET"
FDX,224.99,Call,170,2023-06-16,8,54.85,55.18,55.5,55.2,5360,380,14.11,96.70%,"15:29 ET"
PFE,39.07,Call,42.5,2023-07-21,43,0.14,0.16,0.17,0.16,5333,11093,0.48,20.11%,"15:25 ET"
NIO,7.78,Call,8.5,2023-06-16,8,0.32,0.33,0.33,0.32,5308,10508,0.51,128.60%,"15:33 ET"
SE,63.87,Call,62,2023-06-16,8,2.84,2.87,2.89,3.03,5284,5452,0.97,48.45%,"15:11 ET"
TSLA,234.47,Call,305,2023-07-21,43,3,3.05,3.1,3.05,5259,1542,3.41,61.94%,"15:24 ET"
VZ,35.29,Call,36,2023-07-21,43,0.54,0.55,0.55,0.55,5247,10264,0.51,18.33%,"15:29 ET"
NIO,7.78,Call,9,2023-08-18,71,0.62,0.63,0.63,0.63,5244,5303,0.99,76.09%,"15:33 ET"
AZN,74.4,Call,75,2023-06-09,1,0.42,0.5,0.57,0.57,5244,4260,1.23,51.58%,"15:28 ET"
GME,21.64,Call,25,2023-06-16,8,0.35,0.36,0.37,0.36,5241,9892,0.53,107.31%,"15:30 ET"
AMZN,123.85,Call,140,2023-07-21,43,0.71,0.72,0.73,0.7,5241,18521,0.28,28.21%,"15:27 ET"
ETRN,9.48,Call,10,2023-07-21,43,0.25,0.3,0.35,0.28,5235,12627,0.41,38.37%,"15:18 ET"
ROKU,68.53,Call,80,2023-06-16,8,0.42,0.43,0.43,0.41,5230,10343,0.51,79.93%,"15:28 ET"
WBD,14.01,Call,15,2025-01-17,589,3.35,3.43,3.5,3.53,5228,11661,0.45,48.41%,"14:19 ET"
AMD,121.05,Put,121,2023-06-16,8,4.65,4.68,4.7,4.65,5223,5363,0.97,64.67%,"15:32 ET"
AAPL,180.26,Put,175,2023-12-15,190,8.2,8.23,8.25,8.25,5220,10233,0.51,24.26%,"15:20 ET"
NVDA,386.27,Put,367.5,2023-06-09,1,0.12,0.13,0.13,0.14,5205,4095,1.27,48.92%,"15:28 ET"
PLTR,15.26,Put,14,2023-06-16,8,0.23,0.24,0.24,0.22,5183,7599,0.68,77.80%,"15:26 ET"
FYBR,16.53,Call,25,2023-08-18,71,0.25,0.28,0.3,0.28,5179,1108,4.67,70.09%,"15:18 ET"
SHOP,59.9,Call,60,2023-06-16,8,1.75,1.76,1.76,1.76,5170,9819,0.53,52.08%,"15:29 ET"
UPST,33.18,Call,32,2023-06-09,1,1.58,1.61,1.63,1.6,5144,1661,3.1,167.66%,"15:29 ET"
SOFI,8.16,Call,8,2023-07-21,43,0.79,0.8,0.8,0.78,5141,26855,0.19,62.96%,"15:29 ET"
TSLA,234.47,Call,250,2023-06-23,15,4.35,4.38,4.4,4.35,5138,3097,1.66,52.75%,"15:29 ET"
AAPL,180.26,Call,177.5,2023-06-16,8,4.1,4.15,4.2,4.15,5131,12684,0.4,22.43%,"15:32 ET"
PFE,39.07,Put,35,2024-01-19,225,1.06,1.09,1.11,1.09,5126,23746,0.22,23.95%,"14:56 ET"
WBD,14.01,Call,17.5,2025-01-17,589,2.48,2.53,2.57,2.55,5115,3654,1.4,47.03%,"15:00 ET"
SE,63.87,Call,68,2023-06-16,8,0.52,0.54,0.55,0.54,5097,5991,0.85,50.26%,"15:29 ET"
CVNA,25.13,Call,35,2023-08-18,71,3.75,3.93,4.1,3.88,5083,1645,3.09,153.38%,"15:31 ET"
UBER,40.29,Call,42.5,2023-12-15,190,4,4.05,4.1,4.15,5068,5956,0.85,39.38%,"13:05 ET"
MPW,9.31,Put,5,2023-09-15,99,0.2,0.22,0.23,0.21,5057,2272,2.23,100.40%,"14:23 ET"
AMD,121.05,Call,130,2023-06-16,8,1.67,1.69,1.7,1.69,5056,28825,0.18,66.97%,"15:32 ET"
MPW,9.31,Put,7,2023-08-18,71,0.32,0.35,0.37,0.34,5052,8419,0.6,78.91%,"15:20 ET"
MET,53.97,Call,57.5,2024-01-19,225,3.4,3.5,3.6,3.6,5052,6318,0.8,29.24%,"15:23 ET"
BA,219.07,Call,222.5,2023-06-16,8,2.22,2.23,2.24,2.24,5048,1211,4.17,28.99%,"15:32 ET"
AAPL,180.26,Call,300,2025-01-17,589,0.96,1,1.04,0.99,5048,8034,0.63,19.91%,"14:36 ET"
BEKE,17.12,Call,17.5,2023-07-21,43,0.95,0.98,1.01,0.97,5042,20155,0.25,47.36%,"15:23 ET"
UBER,40.29,Call,45,2023-09-15,99,1.55,1.57,1.59,1.52,5041,8032,0.63,37.00%,"14:09 ET"
CVNA,25.13,Call,22.5,2023-06-09,1,3,3.18,3.35,3.3,5040,331,15.23,379.42%,"15:32 ET"
MPW,9.31,Put,6,2023-09-15,99,0.3,0.32,0.35,0.34,5031,9951,0.51,90.08%,"15:23 ET"
X,22.68,Call,26,2023-07-21,43,0.26,0.28,0.29,0.27,5030,1724,2.92,38.74%,"15:23 ET"
BBWI,42.06,Call,50,2023-08-18,71,0.5,0.58,0.65,0.74,5017,4439,1.13,37.22%,"13:28 ET"
BEKE,17.12,Call,20,2023-07-21,43,0.26,0.28,0.3,0.27,5016,10545,0.48,46.52%,"14:23 ET"
AKTS,3.45,Call,5,2023-12-15,190,0.35,0.38,0.4,0.4,5014,5075,0.99,81.03%,"15:20 ET"
GME,21.64,Call,24,2023-06-16,8,0.47,0.48,0.49,0.5,5001,11023,0.45,100.39%,"15:32 ET"
NTR,58.69,Put,80,2023-06-16,8,20.9,21.15,21.4,21.2,5000,3313,1.51,121.33%,"15:32 ET"
AAPL,180.26,Call,175,2023-06-16,8,6.1,6.15,6.2,6.1,4994,75807,0.07,23.34%,"15:31 ET"
SOFI,8.16,Put,7.5,2023-06-16,8,0.11,0.11,0.12,0.11,4983,7852,0.63,74.17%,"15:26 ET"
TSLA,234.47,Call,275,2023-06-16,8,0.55,0.56,0.56,0.55,4976,5292,0.94,66.76%,"15:29 ET"
NVDA,386.27,Put,350,2023-06-16,8,0.74,0.75,0.75,0.76,4965,11476,0.43,44.29%,"15:28 ET"
MSFT,325.53,Put,315,2023-06-16,8,0.97,0.99,1,1,4964,9473,0.52,23.41%,"15:29 ET"
AFRM,19,Call,17.5,2023-06-09,1,1.4,1.43,1.46,1.57,4952,2290,2.16,119.07%,"15:21 ET"
NVDA,386.27,Put,390,2023-06-09,1,6.35,6.4,6.45,6.45,4950,6383,0.78,43.86%,"15:29 ET"
TSLA,234.47,Call,215,2023-06-09,1,19,19.2,19.4,19.2,4927,8527,0.58,95.65%,"15:29 ET"
SOFI,8.16,Put,8,2023-06-16,8,0.29,0.3,0.3,0.29,4922,4505,1.09,76.01%,"15:28 ET"
AMD,121.05,Call,134,2023-06-16,8,1.04,1.05,1.06,1.05,4913,1408,3.49,68.46%,"15:30 ET"
INTC,31.67,Put,30,2023-09-15,99,1.51,1.52,1.52,1.52,4876,22686,0.21,36.53%,"15:27 ET"
AAPL,180.26,Call,220,2023-12-15,190,1.14,1.16,1.18,1.15,4871,8992,0.54,18.29%,"15:20 ET"
INTC,31.67,Call,31.5,2023-06-16,8,0.86,0.87,0.88,0.84,4868,6034,0.81,40.69%,"15:27 ET"
AMC,4.72,Call,4.5,2023-06-16,8,0.24,0.25,0.26,0.24,4867,6826,0.71,43.40%,"15:32 ET"
AI,36.47,Call,38,2023-06-09,1,0.3,0.35,0.4,0.35,4867,4787,1.02,117.67%,"15:30 ET"
TSLA,234.47,Call,226.67,2023-06-16,8,11.75,11.8,11.85,11.9,4855,4953,0.98,54.65%,"15:27 ET"
MET,53.97,Put,60,2023-06-16,8,6.1,6.15,6.2,6.1,4850,4143,1.17,41.25%,"15:32 ET"
AMZN,123.85,Call,134,2023-06-16,8,0.21,0.22,0.22,0.21,4845,2059,2.35,35.32%,"15:27 ET"
PACW,9.19,Call,10,2023-06-09,1,0.05,0.08,0.1,0.1,4842,6555,0.74,191.14%,"15:30 ET"
MU,65.08,Put,66,2023-06-09,1,1.09,1.12,1.15,1.13,4835,4912,0.98,38.02%,"15:32 ET"
COIN,54.77,Call,54,2023-06-09,1,1.33,1.37,1.41,1.37,4834,3921,1.23,85.99%,"15:32 ET"
NVDA,386.27,Call,382.5,2023-06-16,8,11.05,11.13,11.2,11.1,4832,671,7.2,41.84%,"15:29 ET"
INTC,31.67,Call,37,2023-09-15,99,0.77,0.78,0.78,0.77,4824,4033,1.2,36.18%,"15:27 ET"
CVNA,25.13,Call,24.5,2023-06-09,1,2.14,2.21,2.27,2.18,4824,185,26.08,385.21%,"15:32 ET"
CSCO,49.72,Put,50,2023-06-16,8,0.63,0.64,0.64,0.62,4800,16141,0.3,15.43%,"15:28 ET"
GOEV,0.546,Call,1,2024-01-19,225,0.1,0.11,0.12,0.1,4797,21904,0.22,118.96%,"15:28 ET"
U,36.19,Call,37,2023-06-09,1,0.27,0.28,0.28,0.28,4794,2688,1.78,84.86%,"15:29 ET"
HZNP,99.71,Put,80,2023-08-18,71,0.4,0.43,0.45,0.4,4773,43260,0.11,34.75%,"15:30 ET"
NVDA,386.27,Call,425,2023-06-16,8,0.93,0.95,0.96,0.95,4765,5719,0.83,46.04%,"15:29 ET"
MRVL,60.04,Call,60,2023-06-09,1,0.5,0.51,0.52,0.51,4760,26240,0.18,45.10%,"15:31 ET"
FDX,224.99,Call,230,2023-06-09,1,0.09,0.12,0.15,0.12,4759,337,14.12,28.59%,"15:19 ET"
DIS,92.39,Call,93,2023-06-09,1,0.26,0.27,0.27,0.26,4751,8478,0.56,26.74%,"15:30 ET"
WBD,14.01,Call,14.5,2023-06-16,8,0.21,0.22,0.24,0.21,4742,154,30.79,51.02%,"15:29 ET"
TSLA,234.47,Put,200,2023-07-21,43,5.05,5.07,5.1,5.1,4735,26459,0.18,58.47%,"15:29 ET"
GOOGL,122.04,Put,120,2023-06-09,1,0.2,0.21,0.21,0.22,4735,4487,1.06,34.48%,"15:29 ET"
NVDA,386.27,Put,360,2023-06-16,8,1.65,1.67,1.69,1.7,4726,16140,0.29,42.76%,"15:28 ET"
AMZN,123.85,Put,123,2023-06-16,8,1.84,1.85,1.86,1.9,4709,4877,0.97,32.08%,"15:28 ET"
AMZN,123.85,Call,125,2023-07-07,29,3.55,3.6,3.65,3.65,4708,1334,3.53,28.12%,"15:32 ET"
TSLA,234.47,Put,200,2023-06-30,22,1.61,1.63,1.64,1.64,4696,3318,1.42,54.48%,"15:29 ET"
FDX,224.99,Call,165,2023-06-16,8,59.8,60.13,60.45,60.2,4690,329,14.26,102.47%,"15:29 ET"
NVDA,386.27,Call,377.5,2023-06-09,1,8.25,8.45,8.65,8.53,4685,944,4.96,42.12%,"15:28 ET"
PDD,75.55,Call,75,2023-06-09,1,1.16,1.18,1.2,1.15,4678,4151,1.13,55.83%,"15:25 ET"
PDD,75.55,Call,80,2023-06-16,8,1.03,1.06,1.08,1.03,4670,14638,0.32,58.07%,"15:19 ET"
GOOG,122.58,Call,115,2023-06-16,8,7.8,7.93,8.05,8,4669,23481,0.2,33.57%,"15:25 ET"
TSLA,234.47,Call,252.5,2023-06-09,1,0.12,0.13,0.13,0.13,4667,4451,1.05,79.06%,"15:29 ET"
MPW,9.31,Call,9.5,2023-06-16,8,0.18,0.19,0.19,0.18,4662,4410,1.06,47.20%,"15:31 ET"
CVNA,25.13,Call,19.5,2023-06-09,1,5.25,5.5,5.75,5.45,4659,191,24.39,282.47%,"15:31 ET"
BAC,29.27,Put,36,2023-06-16,8,6.7,6.73,6.75,6.7,4650,4581,1.02,71.74%,"15:21 ET"
MSFT,325.53,Call,335,2023-06-16,8,1.13,1.14,1.15,1.13,4647,15130,0.31,21.90%,"15:28 ET"
SOFI,8.16,Call,9,2023-12-15,190,1.23,1.25,1.27,1.23,4626,6020,0.77,62.70%,"15:26 ET"
EXPD,116.26,Call,120,2023-06-16,8,0.2,0.38,0.55,0.3,4612,205,22.5,20.68%,"14:35 ET"
BAC,29.27,Put,32,2024-01-19,225,3.55,3.6,3.65,3.55,4610,16552,0.28,22.51%,"15:27 ET"
BYND,13.23,Call,12.5,2023-06-09,1,0.72,0.79,0.86,0.97,4609,596,7.73,182.19%,"15:23 ET"
TSLA,234.47,Put,240,2023-06-09,1,6.85,6.93,7,7,4607,1419,3.25,62.91%,"15:29 ET"
AMD,121.05,Call,140,2023-06-16,8,0.5,0.51,0.52,0.51,4604,15487,0.3,71.01%,"15:31 ET"
TSLA,234.47,Call,255,2023-06-16,8,1.91,1.92,1.93,1.91,4591,3668,1.25,59.46%,"15:29 ET"
TSLA,234.47,Call,242.5,2023-06-16,8,4.4,4.43,4.45,4.44,4576,2049,2.23,56.17%,"15:29 ET"
TMUS,129.81,Call,150,2023-11-17,162,2.3,2.34,2.38,2.35,4555,449,10.14,22.05%,"10:26 ET"
NVDA,386.27,Put,375,2023-06-16,8,5,5.05,5.1,5.02,4554,7930,0.57,41.72%,"15:27 ET"
SOFI,8.16,Call,10,2023-07-21,43,0.2,0.21,0.21,0.2,4552,12767,0.36,64.48%,"15:27 ET"
PACW,9.19,Call,9,2023-06-09,1,0.3,0.32,0.35,0.3,4549,4934,0.92,111.34%,"15:28 ET"
BA,219.07,Call,240,2024-01-19,225,14.7,14.85,15,14.8,4545,2246,2.02,29.55%,"15:30 ET"
BA,219.07,Call,225,2023-06-16,8,1.47,1.51,1.54,1.54,4537,4034,1.12,29.39%,"15:32 ET"
BAC,29.27,Call,30,2023-06-30,22,0.41,0.42,0.43,0.43,4514,9183,0.49,25.10%,"15:24 ET"
CVNA,25.13,Call,18,2023-06-09,1,6.65,6.88,7.1,6.77,4513,2327,1.94,464.38%,"15:31 ET"
F,13.56,Call,13,2023-06-09,1,0.55,0.57,0.58,0.56,4511,17048,0.26,47.14%,"15:25 ET"
AMZN,123.85,Put,125,2023-06-16,8,2.85,2.86,2.87,2.86,4508,14934,0.3,32.04%,"15:32 ET"
AFRM,19,Call,18.5,2023-06-16,8,1.43,1.44,1.45,1.49,4481,866,5.17,112.36%,"15:30 ET"
TSLA,234.47,Put,205,2023-06-16,8,0.53,0.54,0.54,0.53,4478,10063,0.44,59.02%,"15:29 ET"
BA,219.07,Call,240,2023-08-18,71,4.05,4.13,4.2,4.05,4476,5800,0.77,27.49%,"15:31 ET"
MBLY,41.92,Call,40,2023-06-16,8,2.35,2.43,2.5,2.35,4475,1535,2.92,51.08%,"15:30 ET"
F,13.56,Call,14,2023-07-21,43,0.38,0.39,0.4,0.39,4464,19008,0.23,32.52%,"15:21 ET"
CVNA,25.13,Call,20.5,2023-06-09,1,4.45,4.65,4.85,4.6,4462,286,15.6,314.11%,"15:30 ET"
PDD,75.55,Call,78,2023-06-09,1,0.26,0.27,0.28,0.25,4459,1648,2.71,67.43%,"15:23 ET"
RIG,6.39,Call,5,2024-01-19,225,2.01,2.03,2.05,1.92,4457,76827,0.06,63.69%,"12:10 ET"
AZN,74.4,Put,71,2023-06-16,8,0.24,0.31,0.38,0.49,4456,727,6.13,33.32%,"10:47 ET"
AMZN,123.85,Call,131,2023-06-16,8,0.45,0.46,0.46,0.44,4448,4756,0.94,33.94%,"15:30 ET"
HZNP,99.71,Call,105,2023-07-21,43,0.95,0.98,1,0.95,4447,11958,0.37,18.98%,"15:30 ET"
PLTR,15.26,Call,14.5,2023-06-16,8,1.07,1.08,1.09,1.1,4442,13799,0.32,77.18%,"15:27 ET"
CVNA,25.13,Call,35,2023-06-16,8,1.36,1.43,1.5,1.36,4440,3269,1.36,276.79%,"15:32 ET"
BYND,13.23,Call,13.5,2023-06-09,1,0.37,0.41,0.45,0.4,4435,529,8.38,220.28%,"15:32 ET"
ATVI,80.04,Call,100,2024-01-19,225,0.9,0.92,0.94,0.9,4427,50007,0.09,20.88%,"15:31 ET"
ATVI,80.04,Put,70,2024-01-19,225,2.38,2.4,2.42,2.42,4421,51238,0.09,29.66%,"15:29 ET"
MU,65.08,Put,60,2023-06-30,22,0.92,0.93,0.94,0.93,4420,454,9.74,45.65%,"15:32 ET"
SOFI,8.16,Call,9,2023-07-21,43,0.4,0.41,0.41,0.4,4418,22992,0.19,62.60%,"15:27 ET"
NVDA,386.27,Call,395,2023-06-16,8,5.75,5.8,5.85,5.75,4418,5136,0.86,42.30%,"15:28 ET"
AMZN,123.85,Call,125,2023-06-30,22,3.15,3.18,3.2,3.1,4415,3057,1.44,28.83%,"15:30 ET"
CVX,159.19,Call,162.5,2023-06-09,1,0.1,0.11,0.11,0.13,4414,1240,3.56,31.19%,"15:29 ET"
NIO,7.78,Put,6.5,2023-06-16,8,0.13,0.14,0.14,0.13,4413,3613,1.22,130.12%,"15:32 ET"
BAC,29.27,Put,29,2023-06-16,8,0.31,0.32,0.32,0.3,4413,23178,0.19,25.71%,"15:30 ET"
SNOW,174.58,Put,165,2023-06-09,1,0.1,0.11,0.11,0.1,4409,1266,3.48,61.39%,"15:23 ET"
BA,219.07,Call,310,2024-01-19,225,1.73,1.77,1.8,1.77,4397,1201,3.66,27.51%,"15:19 ET"
AMZN,123.85,Call,150,2023-08-18,71,0.95,0.97,0.98,0.96,4397,7948,0.55,32.49%,"15:29 ET"
BAC,29.27,Put,28,2024-06-21,379,2.25,2.29,2.32,2.32,4376,40584,0.11,27.25%,"15:31 ET"
GME,21.64,Call,21.5,2023-06-09,1,0.62,0.66,0.7,0.66,4371,790,5.53,135.56%,"15:30 ET"
INFY,15.48,Put,17,2023-07-21,43,1.45,1.55,1.65,1.6,4343,20333,0.21,26.62%,"13:44 ET"
BAC,29.27,Put,33,2023-06-16,8,3.7,3.73,3.75,3.7,4340,6140,0.71,45.70%,"15:21 ET"
S,14.97,Call,15,2023-06-16,8,0.55,0.58,0.6,0.56,4331,6280,0.69,62.91%,"15:24 ET"
META,264.95,Call,275,2023-06-16,8,1.74,1.76,1.77,1.77,4323,12730,0.34,33.16%,"15:29 ET"
AZN,74.4,Put,71,2023-06-09,1,0.04,0.11,0.17,0.11,4317,4996,0.86,68.40%,"14:47 ET"
WBD,14.01,Call,15,2023-06-16,8,0.12,0.13,0.13,0.12,4310,69220,0.06,54.81%,"15:20 ET"
F,13.56,Call,13.35,2023-06-16,8,0.38,0.39,0.4,0.4,4300,42189,0.1,36.95%,"15:25 ET"
AMC,4.72,Put,4.5,2023-06-16,8,0.12,0.13,0.14,0.12,4294,15539,0.28,74.73%,"15:28 ET"
INTC,31.67,Call,31,2023-06-16,8,1.16,1.17,1.18,1.17,4282,24589,0.17,41.16%,"15:30 ET"
F,13.56,Call,17,2023-12-15,190,0.33,0.34,0.34,0.34,4255,3679,1.16,35.63%,"14:30 ET"
AMC,4.72,Put,5,2023-06-09,1,0.32,0.34,0.36,0.35,4245,6969,0.61,144.40%,"15:31 ET"
TSLA,234.47,Put,217.5,2023-06-16,8,1.78,1.79,1.8,1.78,4241,2308,1.84,54.61%,"15:29 ET"
ROKU,68.53,Call,71,2023-06-09,1,0.41,0.42,0.42,0.37,4235,675,6.27,83.56%,"15:28 ET"
PYPL,64.4,Call,65,2023-06-09,1,0.58,0.6,0.61,0.58,4228,10487,0.4,64.05%,"15:29 ET"
WMB,31.59,Call,31,2023-07-21,43,0.95,1,1.05,0.93,4224,2290,1.84,15.34%,"15:10 ET"
SOFI,8.16,Put,7.5,2023-12-15,190,1.08,1.1,1.11,1.09,4220,5753,0.73,66.57%,"15:24 ET"
COIN,54.77,Put,53,2023-06-09,1,0.4,0.41,0.42,0.44,4214,3156,1.34,93.40%,"15:31 ET"
META,264.95,Call,270,2023-06-16,8,3.05,3.08,3.1,3.1,4211,5712,0.74,32.60%,"15:28 ET"
MRO,24.03,Call,24.5,2023-06-16,8,0.36,0.37,0.37,0.36,4210,1162,3.62,39.30%,"15:22 ET"
BAC,29.27,Put,28,2025-01-17,589,2.92,2.96,3,2.98,4209,38807,0.11,27.71%,"15:31 ET"
WBD,14.01,Call,14,2023-06-09,1,0.14,0.15,0.16,0.14,4189,1977,2.12,57.40%,"15:28 ET"
TSLA,234.47,Call,270,2023-06-16,8,0.74,0.75,0.75,0.74,4189,3595,1.17,64.89%,"15:29 ET"
UBER,40.29,Call,40,2023-06-09,1,0.4,0.42,0.44,0.42,4175,2611,1.6,39.87%,"15:28 ET"
HOOD,9.49,Call,9.5,2023-06-09,1,0.1,0.11,0.11,0.1,4166,3781,1.1,52.60%,"15:32 ET"
ORCL,107.29,Call,107,2023-06-09,1,0.66,0.7,0.74,0.75,4155,1439,2.89,24.50%,"15:21 ET"
SNOW,174.58,Call,175,2023-06-09,1,1.72,1.76,1.79,1.75,4147,2642,1.57,57.59%,"15:29 ET"
AMD,121.05,Call,123,2023-06-16,8,3.65,3.68,3.7,3.7,4142,1840,2.25,64.71%,"15:30 ET"
SOFI,8.16,Call,7.5,2023-06-16,8,0.76,0.77,0.77,0.76,4141,36479,0.11,72.74%,"15:28 ET"
MU,65.08,Put,65,2023-06-16,8,1.29,1.3,1.31,1.26,4135,12291,0.34,35.10%,"14:49 ET"
TSM,100.33,Call,100,2023-06-23,15,2.49,2.51,2.53,2.53,4131,395,10.46,28.68%,"15:25 ET"
PLTR,15.26,Call,17,2023-06-16,8,0.23,0.24,0.24,0.24,4129,18045,0.23,90.22%,"15:27 ET"
AAPL,180.26,Call,190,2023-07-21,43,1.34,1.35,1.36,1.35,4113,28204,0.15,17.33%,"15:31 ET"
AAPL,180.26,Call,187.5,2023-06-16,8,0.27,0.28,0.28,0.27,4112,20251,0.2,20.33%,"15:31 ET"
BA,219.07,Put,205,2023-08-18,71,5.45,5.55,5.65,5.43,4108,1088,3.78,31.57%,"15:16 ET"
META,264.95,Put,267.5,2023-06-09,1,3.55,3.6,3.65,3.6,4104,2443,1.68,37.26%,"15:28 ET"
CVNA,25.13,Call,30,2023-07-21,43,3.6,3.73,3.85,3.79,4100,147,27.89,160.91%,"15:32 ET"
TGT,130.91,Put,115,2023-07-14,36,0.65,0.68,0.71,0.67,4075,126,32.34,33.63%,"15:05 ET"
BAC,29.27,Call,29,2023-07-21,43,1.31,1.32,1.32,1.32,4074,22907,0.18,28.98%,"15:30 ET"
RIG,6.39,Call,8,2023-08-18,71,0.18,0.19,0.2,0.2,4069,17840,0.23,58.30%,"15:11 ET"
SQ,65.36,Call,67,2023-06-09,1,0.19,0.2,0.2,0.19,4058,2047,1.98,55.63%,"15:28 ET"
SBUX,99.04,Call,100,2023-06-09,1,0.11,0.11,0.12,0.11,4058,9150,0.44,21.78%,"15:28 ET"
BA,219.07,Put,185,2023-08-18,71,1.91,1.94,1.97,2,4055,679,5.97,34.99%,"15:30 ET"
PYPL,64.4,Call,66,2023-06-09,1,0.32,0.33,0.34,0.33,4030,7560,0.53,68.38%,"15:29 ET"
NFLX,406.23,Put,390,2023-06-09,1,0.17,0.19,0.2,0.18,4030,2936,1.37,45.70%,"15:28 ET"
UBER,40.29,Call,40,2024-04-19,316,6.9,6.98,7.05,6.8,4029,3907,1.03,40.95%,"10:52 ET"
WMB,31.59,Call,31,2023-06-09,1,0.55,0.63,0.7,0.53,4028,4156,0.97,24.19%,"15:10 ET"
ADBE,439.38,Call,435,2023-06-09,1,6.05,6.2,6.35,6.1,4020,506,7.94,40.31%,"15:32 ET"
MMM,100.91,Call,96,2023-06-16,8,5.25,5.35,5.45,5.4,4018,4021,1,35.93%,"15:06 ET"
FDX,224.99,Call,225,2023-06-16,8,2.8,2.87,2.93,2.79,4014,843,4.76,20.41%,"15:26 ET"
AAPL,180.26,Put,160,2023-07-21,43,0.49,0.5,0.5,0.5,4010,44581,0.09,25.32%,"15:31 ET"
VZ,35.29,Put,34,2023-07-21,43,0.62,0.63,0.63,0.63,4004,7154,0.56,23.94%,"15:25 ET"
GM,36.03,Put,30,2024-06-21,379,2.07,2.12,2.16,2.11,4001,6716,0.6,37.30%,"15:07 ET"
INTC,31.67,Call,31,2023-06-23,15,1.39,1.4,1.41,1.37,3991,2283,1.75,39.50%,"15:07 ET"
PLTR,15.26,Call,18,2023-06-16,8,0.14,0.15,0.15,0.14,3988,14586,0.27,97.25%,"15:29 ET"
UPST,33.18,Call,38,2023-06-16,8,1.13,1.15,1.17,1.11,3983,790,5.04,146.59%,"15:28 ET"
SLB,47.63,Call,48,2023-06-09,1,0.21,0.22,0.23,0.23,3977,1656,2.4,40.68%,"15:28 ET"
GOOG,122.58,Call,122,2023-06-09,1,1.17,1.18,1.19,1.13,3977,1033,3.85,32.47%,"15:30 ET"
SMG,64.1,Put,55,2023-06-16,8,0.2,0.25,0.3,0.25,3969,4362,0.91,75.03%,"15:28 ET"
NFLX,406.23,Put,395,2023-06-09,1,0.49,0.51,0.53,0.53,3955,2297,1.72,44.26%,"15:28 ET"
BYND,13.23,Call,13,2023-06-16,8,0.97,1.05,1.13,1.1,3952,386,10.24,141.24%,"15:32 ET"
BABA,86.39,Put,85,2023-06-16,8,1.39,1.4,1.42,1.38,3952,26428,0.15,39.69%,"15:29 ET"
F,13.56,Put,12,2023-07-21,43,0.11,0.11,0.12,0.11,3939,17122,0.23,32.76%,"15:30 ET"
AAPL,180.26,Put,170,2023-07-21,43,1.37,1.38,1.39,1.38,3934,31979,0.12,21.53%,"15:32 ET"
AMZN,123.85,Call,122,2023-06-16,8,3.5,3.53,3.55,3.5,3927,4046,0.97,32.00%,"15:32 ET"
TEVA,7.45,Call,8,2023-09-15,99,0.45,0.46,0.48,0.44,3926,2834,1.39,41.57%,"12:55 ET"
AFRM,19,Call,20,2023-07-21,43,2.01,2.02,2.03,2.02,3918,1321,2.97,94.43%,"15:32 ET"
INTC,31.67,Call,30.5,2023-06-09,1,1.21,1.23,1.26,1.19,3917,10808,0.36,52.03%,"15:29 ET"
GOOGL,122.04,Put,115,2023-07-21,43,1.52,1.53,1.53,1.53,3913,12996,0.3,26.75%,"15:32 ET"
OHI,30.95,Put,30,2023-06-16,8,0.1,0.15,0.2,0.15,3912,17007,0.23,26.11%,"15:11 ET"
UBER,40.29,Call,40.5,2023-06-09,1,0.18,0.19,0.19,0.19,3911,3641,1.07,39.49%,"15:28 ET"
AMD,121.05,Call,128,2023-06-16,8,2.1,2.12,2.14,2.13,3904,7849,0.5,66.27%,"15:30 ET"
MSFT,325.53,Put,305,2023-06-16,8,0.3,0.31,0.31,0.31,3902,12932,0.3,27.84%,"15:28 ET"
VTNR,6.26,Put,5,2024-01-19,225,0.61,0.65,0.68,0.66,3899,5570,0.7,72.36%,"14:41 ET"
UPST,33.18,Call,32.5,2023-06-09,1,1.29,1.34,1.38,1.37,3889,790,4.92,175.32%,"15:26 ET"
MGNI,13.31,Call,20,2024-01-19,225,0.6,0.65,0.7,0.65,3885,1594,2.44,52.95%,"11:25 ET"
UPST,33.18,Call,31.5,2023-06-09,1,1.78,1.85,1.92,2.18,3880,1087,3.57,156.53%,"15:22 ET"
SCHW,55.24,Call,55,2023-06-16,8,1.26,1.28,1.29,1.28,3872,10795,0.36,36.79%,"15:27 ET"
AMD,121.05,Call,125,2023-08-18,71,8.95,9,9.05,9.05,3868,8053,0.48,48.64%,"15:31 ET"
NFLX,406.23,Call,400,2023-06-09,1,7.45,7.6,7.75,7.5,3848,5903,0.65,44.12%,"15:29 ET"
LI,32.06,Call,35,2023-07-21,43,1.01,1.05,1.08,1.03,3843,3452,1.11,46.84%,"15:12 ET"
ISEE,38.37,Call,40,2023-07-21,43,0.1,0.13,0.15,0.1,3826,38379,0.1,10.00%,"15:08 ET"
NVDA,386.27,Call,375,2023-06-09,1,10.55,10.73,10.9,11.4,3821,3794,1.01,43.69%,"15:26 ET"
GME,21.64,Put,20,2023-06-16,8,0.36,0.37,0.38,0.37,3817,4594,0.83,79.21%,"15:30 ET"
INTC,31.67,Put,30,2023-06-16,8,0.17,0.18,0.18,0.16,3813,31755,0.12,40.34%,"15:31 ET"
CVNA,25.13,Call,16,2023-06-09,1,8.6,8.88,9.15,8.6,3813,3918,0.97,626.95%,"15:30 ET"
GOOG,122.58,Call,130,2023-06-16,8,0.28,0.29,0.29,0.29,3810,20574,0.19,30.93%,"15:28 ET"
CVNA,25.13,Call,18.5,2023-06-09,1,6.15,6.43,6.7,6.75,3808,1076,3.54,305.21%,"15:29 ET"
SOFI,8.16,Call,7,2023-06-16,8,1.18,1.19,1.2,1.18,3804,30601,0.12,70.81%,"15:29 ET"
CVNA,25.13,Call,27,2023-06-09,1,1.4,1.44,1.49,1.4,3803,116,32.78,426.75%,"15:32 ET"
PLTR,15.26,Call,15,2023-07-21,43,1.47,1.48,1.48,1.47,3801,21928,0.17,64.66%,"15:29 ET"
AAPL,180.26,Call,185,2023-06-23,15,1.07,1.08,1.08,1.07,3795,14891,0.25,18.35%,"15:32 ET"
TSLA,234.47,Put,230,2023-06-23,15,7.4,7.43,7.45,7.4,3793,1642,2.31,50.34%,"15:29 ET"
AMZN,123.85,Call,129,2023-06-16,8,0.74,0.75,0.76,0.76,3784,2769,1.37,33.28%,"15:31 ET"
CVNA,25.13,Call,17,2023-06-09,1,7.6,7.85,8.1,7.89,3782,2277,1.66,297.80%,"15:30 ET"
CVNA,25.13,Put,17,2023-06-16,8,0.3,0.32,0.33,0.31,3778,780,4.84,205.41%,"15:31 ET"
UPST,33.18,Put,25,2023-06-16,8,0.14,0.15,0.16,0.15,3775,28336,0.13,122.68%,"15:22 ET"
COIN,54.77,Put,51,2023-06-09,1,0.15,0.16,0.16,0.15,3775,2973,1.27,107.25%,"15:32 ET"
GOOGL,122.04,Call,125,2023-07-21,43,3.1,3.13,3.15,3.1,3773,22979,0.16,24.35%,"15:31 ET"
GME,21.64,Put,22,2023-06-09,1,0.79,0.82,0.85,0.86,3767,3648,1.03,131.29%,"15:22 ET"
MSFT,325.53,Put,325,2023-06-16,8,3.7,3.75,3.8,3.75,3764,5276,0.71,21.10%,"15:29 ET"
SMG,64.1,Put,60,2023-06-16,8,0.8,0.85,0.9,0.8,3760,7712,0.49,62.86%,"15:11 ET"
GOOG,122.58,Put,122,2023-06-09,1,0.58,0.59,0.59,0.61,3759,2289,1.64,33.75%,"15:30 ET"
BYND,13.23,Call,13.5,2023-06-16,8,0.85,0.91,0.96,0.89,3759,513,7.33,141.71%,"15:32 ET"
FSLR,191.51,Call,340,2023-12-15,190,1.86,1.91,1.96,1.89,3757,6159,0.61,46.70%,"15:31 ET"
AAL,15.34,Put,15,2023-06-16,8,0.16,0.17,0.17,0.16,3752,74195,0.05,32.71%,"15:30 ET"
CVNA,25.13,Call,18,2023-06-16,8,7,7.28,7.55,7.33,3745,7497,0.5,200.10%,"15:32 ET"
PLTR,15.26,Put,14,2023-07-21,43,0.75,0.76,0.77,0.76,3740,32170,0.12,65.04%,"15:28 ET"
MSFT,325.53,Call,327.5,2023-06-16,8,3.3,3.35,3.4,3.3,3738,4552,0.82,21.57%,"15:28 ET"
NIO,7.78,Call,7.5,2023-06-16,8,0.71,0.72,0.72,0.72,3736,50395,0.07,127.38%,"15:32 ET"
TSLA,234.47,Call,235,2023-06-23,15,9.4,9.43,9.45,9.44,3735,1860,2.01,51.29%,"15:29 ET"
NFLX,406.23,Call,400,2023-06-16,8,12.95,13.08,13.2,13.25,3729,6560,0.57,39.97%,"15:26 ET"
PARA,16.52,Call,17,2023-06-16,8,0.28,0.29,0.29,0.29,3714,4330,0.86,51.58%,"15:31 ET"
NVDA,386.27,Call,400,2023-07-21,43,15.45,15.5,15.55,15.75,3713,10535,0.35,39.44%,"15:27 ET"
TSLA,234.47,Call,235,2023-06-30,22,11.5,11.55,11.6,11.6,3710,1361,2.73,51.32%,"15:29 ET"
TSLA,234.47,Call,220,2023-07-21,43,26.15,26.25,26.35,26.27,3704,12262,0.3,56.76%,"15:29 ET"
TSLA,234.47,Call,300,2023-06-16,8,0.15,0.16,0.16,0.16,3700,27696,0.13,76.99%,"15:29 ET"
PLTR,15.26,Call,17,2023-07-21,43,0.76,0.77,0.77,0.77,3696,11004,0.34,67.20%,"15:29 ET"
PLTR,15.26,Call,15,2023-08-18,71,2.12,2.14,2.16,2.16,3695,26929,0.14,75.65%,"15:27 ET"
AAPL,180.26,Call,190,2023-06-23,15,0.3,0.31,0.31,0.3,3691,11887,0.31,18.74%,"15:32 ET"
TSN,50.68,Put,50,2023-07-21,43,1,1.05,1.1,1.05,3690,5036,0.73,20.53%,"15:24 ET"
NFLX,406.23,Put,402.5,2023-06-09,1,2.09,2.15,2.2,2.23,3688,699,5.28,43.23%,"15:25 ET"
NVDA,386.27,Put,382.5,2023-06-16,8,8,8.05,8.1,7.95,3684,1667,2.21,41.89%,"15:27 ET"
BA,219.07,Call,215,2023-06-16,8,5.95,6.05,6.15,6.04,3674,6782,0.54,29.60%,"15:32 ET"
AMD,121.05,Call,121,2023-06-16,8,4.45,4.5,4.55,4.5,3672,1921,1.91,63.46%,"15:32 ET"
AAPL,180.26,Call,170,2023-06-16,8,10.65,10.73,10.8,10.3,3667,53991,0.07,28.35%,"15:17 ET"
NVDA,386.27,Call,387.5,2023-06-16,8,8.6,8.65,8.7,8.6,3664,3575,1.02,41.78%,"15:28 ET"
VFC,19.77,Call,18,2023-06-09,1,1.65,1.7,1.75,1.7,3660,312,11.73,110.81%,"15:28 ET"
PLTR,15.26,Put,13.5,2023-06-16,8,0.13,0.14,0.14,0.13,3640,5398,0.67,77.76%,"15:26 ET"
BYND,13.23,Call,11.5,2023-06-09,1,1.44,1.52,1.6,1.71,3633,1073,3.39,203.67%,"15:24 ET"
MPW,9.31,Put,10,2023-07-21,43,1.23,1.25,1.27,1.28,3632,50442,0.07,62.79%,"14:05 ET"
NVDA,386.27,Call,430,2023-07-21,43,7.2,7.25,7.3,7.21,3626,1799,2.02,40.01%,"15:29 ET"
CVNA,25.13,Call,19,2023-06-16,8,6.2,6.48,6.75,6.45,3602,719,5.01,190.69%,"15:28 ET"
AMD,121.05,Put,120,2023-06-16,8,4.1,4.15,4.2,4.13,3599,12739,0.28,64.45%,"15:32 ET"
AMD,121.05,Call,126,2023-06-16,8,2.64,2.66,2.68,2.66,3599,2276,1.58,65.45%,"15:31 ET"
SHOP,59.9,Call,65,2023-06-16,8,0.43,0.44,0.44,0.43,3582,20244,0.18,55.94%,"15:29 ET"
CVNA,25.13,Put,15,2023-08-18,71,1.83,1.9,1.96,1.88,3581,5252,0.68,164.19%,"15:31 ET"
PLUG,9.59,Call,9.5,2023-06-16,8,0.59,0.6,0.61,0.61,3576,4082,0.88,102.14%,"15:26 ET"
AMZN,123.85,Put,110,2023-07-21,43,0.84,0.85,0.85,0.84,3575,15508,0.23,32.32%,"15:32 ET"
XOM,108.21,Call,108,2023-06-09,1,0.7,0.73,0.75,0.69,3572,5922,0.6,28.68%,"15:20 ET"
BABA,86.39,Call,87,2023-07-14,36,4.05,4.13,4.2,4.15,3566,3568,1,39.68%,"14:54 ET"
TSLA,234.47,Call,225,2023-07-21,43,23.25,23.33,23.4,23.3,3563,7465,0.48,56.41%,"15:29 ET"
SOFI,8.16,Put,8,2023-07-21,43,0.61,0.62,0.62,0.61,3560,4751,0.75,63.69%,"15:20 ET"
UPST,33.18,Call,48,2023-06-16,8,0.28,0.29,0.3,0.29,3558,783,4.54,170.28%,"15:27 ET"
AZN,74.4,Call,76,2023-06-30,22,1.17,1.32,1.47,1.22,3550,519,6.84,24.89%,"15:28 ET"
AMD,121.05,Call,130,2023-07-21,43,4.5,4.53,4.55,4.6,3533,12831,0.28,46.99%,"15:29 ET"
MPW,9.31,Call,9,2023-06-16,8,0.43,0.45,0.46,0.45,3526,9807,0.36,48.49%,"15:21 ET"
AMD,121.05,Call,120,2023-06-16,8,4.95,4.98,5,5,3525,18061,0.2,63.52%,"15:32 ET"
NFLX,406.23,Call,402.5,2023-06-09,1,5.6,5.8,6,6,3522,1483,2.37,47.05%,"15:26 ET"
PBR,13.16,Put,20,2024-01-19,225,7.7,7.8,7.9,7.7,3514,36489,0.1,52.33%,"15:25 ET"
PBR,13.16,Put,30,2024-01-19,225,17.4,18.6,19.8,17.8,3513,27981,0.13,92.70%,"13:45 ET"
ET,12.88,Call,15,2024-01-19,225,0.25,0.26,0.27,0.26,3513,142337,0.02,23.97%,"15:23 ET"
NVDA,386.27,Call,405,2023-06-16,8,3.2,3.23,3.25,3.2,3510,5021,0.7,43.15%,"15:28 ET"
HZNP,99.71,Call,105,2023-08-18,71,1.6,1.8,2,1.7,3506,37206,0.09,19.01%,"15:28 ET"
NFLX,406.23,Put,392.5,2023-06-09,1,0.3,0.31,0.32,0.3,3500,1885,1.86,44.50%,"15:29 ET"
LAZR,6.7,Call,7,2023-06-16,8,0.25,0.26,0.26,0.25,3499,23033,0.15,94.70%,"15:29 ET"
MULN,0.4666,Call,0.5,2023-10-20,134,0.19,0.2,0.2,0.2,3497,664,5.27,196.21%,"15:29 ET"
DIS,92.39,Call,95,2023-06-16,8,0.48,0.49,0.5,0.49,3494,23826,0.15,25.54%,"15:28 ET"
CVNA,25.13,Put,12.5,2023-08-18,71,1.05,1.11,1.16,1.06,3489,5523,0.63,162.57%,"15:25 ET"
SPR,31.13,Call,33,2023-06-16,8,0.2,0.25,0.3,0.25,3483,1190,2.93,47.40%,"15:23 ET"
ORCL,107.29,Call,108,2023-06-09,1,0.24,0.27,0.3,0.25,3483,3579,0.97,23.77%,"15:28 ET"
XOM,108.21,Call,109,2023-06-09,1,0.28,0.29,0.3,0.29,3482,2506,1.39,27.58%,"15:27 ET"
UPS,170.8,Call,172.5,2023-06-09,1,0.24,0.26,0.27,0.28,3482,2264,1.54,23.74%,"15:29 ET"
DOCU,58.59,Put,50,2023-06-09,1,0.9,0.91,0.91,0.91,3473,3581,0.97,329.15%,"15:32 ET"
AAL,15.34,Call,15,2023-06-09,1,0.33,0.34,0.34,0.34,3467,9857,0.35,42.38%,"15:31 ET"
BABA,86.39,Call,85,2023-06-09,1,1.51,1.55,1.59,1.54,3464,6202,0.56,41.15%,"15:31 ET"
META,264.95,Put,267.5,2023-06-16,8,6.2,6.25,6.3,6.3,3463,1707,2.03,32.10%,"15:27 ET"
BABA,86.39,Call,95,2023-06-16,8,0.33,0.34,0.34,0.33,3463,26978,0.13,50.76%,"15:31 ET"
F,13.56,Call,14,2023-08-18,71,0.59,0.6,0.61,0.59,3459,7115,0.49,34.76%,"15:23 ET"
PLTR,15.26,Call,14,2023-06-09,1,1.2,1.21,1.23,1.26,3456,2419,1.43,112.43%,"15:25 ET"
AMZN,123.85,Call,130,2023-06-23,15,0.98,0.99,1,0.99,3455,9487,0.36,29.77%,"15:32 ET"
ROKU,68.53,Call,70,2023-06-09,1,0.65,0.67,0.68,0.64,3451,1864,1.85,81.43%,"15:29 ET"
BYND,13.23,Call,14,2023-06-09,1,0.3,0.33,0.36,0.3,3450,505,6.83,241.35%,"15:32 ET"
SNAP,10.08,Put,10,2023-07-21,43,0.82,0.83,0.83,0.81,3448,13306,0.26,65.22%,"15:17 ET"
JD,37.41,Call,38,2023-06-09,1,0.12,0.13,0.13,0.15,3448,3042,1.13,45.31%,"15:22 ET"
COIN,54.77,Call,60,2023-06-16,8,0.91,0.93,0.95,0.92,3445,7310,0.47,82.53%,"15:32 ET"
PANW,222.64,Call,225,2023-06-16,8,2.78,2.84,2.89,2.9,3443,933,3.69,29.42%,"15:24 ET"
BA,219.07,Call,217.5,2023-06-16,8,4.45,4.53,4.6,4.54,3440,1466,2.35,29.59%,"15:30 ET"
SQ,65.36,Call,66,2023-06-09,1,0.41,0.42,0.43,0.39,3437,1977,1.74,53.66%,"15:28 ET"
AMZN,123.85,Call,130,2023-06-30,22,1.41,1.42,1.44,1.4,3423,4506,0.76,28.73%,"15:25 ET"
CVNA,25.13,Call,50,2023-06-16,8,0.39,0.45,0.5,0.46,3420,390,8.77,312.13%,"15:32 ET"
CSCO,49.72,Call,50,2023-06-16,8,0.33,0.34,0.34,0.33,3413,44223,0.08,16.11%,"15:31 ET"
LYFT,10.62,Call,10,2023-06-09,1,0.61,0.63,0.64,0.6,3412,7875,0.43,72.15%,"15:23 ET"
MARA,9.73,Call,15,2023-07-21,43,0.28,0.3,0.32,0.3,3401,1680,2.02,112.32%,"15:25 ET"
AMD,121.05,Call,150,2023-07-21,43,1.25,1.27,1.28,1.3,3401,5834,0.58,50.46%,"15:21 ET"
GIS,82.3,Put,82.5,2023-07-21,43,2.45,2.53,2.6,2.6,3397,2320,1.46,23.54%,"13:56 ET"
WFC,42.22,Call,42,2023-06-09,1,0.39,0.41,0.42,0.34,3388,8445,0.4,30.68%,"15:19 ET"
HCP,25.69,Call,40,2023-10-20,134,0.55,0.65,0.75,0.65,3388,488,6.94,58.68%,"15:26 ET"
GOOGL,122.04,Put,123,2023-06-09,1,1.44,1.45,1.46,1.48,3381,3311,1.02,34.87%,"15:30 ET"
AMZN,123.85,Put,150,2023-06-16,8,25.9,26.03,26.15,26.25,3371,2436,1.38,68.58%,"15:22 ET"
TSM,100.33,Call,100,2023-06-16,8,1.96,1.98,1.99,2.02,3364,7848,0.43,30.46%,"15:26 ET"
TSLA,234.47,Put,215,2023-06-30,22,4.05,4.1,4.15,4.13,3363,1435,2.34,51.63%,"15:29 ET"
MSFT,325.53,Put,320,2023-06-16,8,1.94,1.96,1.98,1.98,3363,6465,0.52,22.09%,"15:29 ET"
MULN,0.4666,Call,0.5,2024-01-19,225,0.22,0.23,0.23,0.23,3358,9756,0.34,174.85%,"15:24 ET"
ATVI,80.04,Put,60,2024-01-19,225,0.73,0.8,0.87,0.73,3349,102293,0.03,31.00%,"15:31 ET"
PLUG,9.59,Call,9.5,2023-06-09,1,0.22,0.23,0.23,0.22,3347,6177,0.54,94.37%,"15:29 ET"
GME,21.64,Call,24,2023-06-09,1,0.1,0.11,0.12,0.12,3338,1690,1.98,171.23%,"15:31 ET"
SNOW,174.58,Call,180,2023-06-09,1,0.46,0.47,0.48,0.46,3330,1670,1.99,61.11%,"15:29 ET"
PTON,8.27,Put,8,2023-06-16,8,0.26,0.27,0.27,0.28,3330,4824,0.69,83.27%,"15:18 ET"
AMC,4.72,Call,5,2023-09-15,99,0.65,0.69,0.73,0.72,3325,10949,0.3,84.04%,"14:44 ET"
TSLA,234.47,Call,340,2023-08-18,71,2.98,3.01,3.05,3,3319,212,15.66,60.69%,"15:29 ET"
REAL,1.73,Call,1.5,2023-06-16,8,0.2,0.25,0.3,0.22,3316,4050,0.82,166.29%,"15:00 ET"
DLO,11.55,Call,15,2023-08-18,71,0.65,0.68,0.7,0.68,3304,28244,0.12,82.09%,"15:21 ET"
AMZN,123.85,Call,125,2023-08-18,71,7.3,7.35,7.4,7.35,3299,26918,0.12,33.29%,"15:30 ET"
MRNA,124.85,Put,190,2023-07-21,43,64.6,65.18,65.75,65.2,3290,1164,2.83,79.55%,"15:32 ET"
WYNN,102.88,Put,100,2023-06-09,1,0.14,0.16,0.18,0.15,3286,382,8.6,46.52%,"15:29 ET"
BYND,13.23,Call,15,2023-06-16,8,0.57,0.61,0.64,0.6,3279,5174,0.63,165.45%,"15:32 ET"
NFLX,406.23,Call,405,2023-06-16,8,10.2,10.3,10.4,10.25,3275,1846,1.77,39.72%,"15:27 ET"
GOOGL,122.04,Call,122,2023-06-16,8,2.15,2.16,2.17,2.16,3273,571,5.73,28.83%,"15:31 ET"
AMZN,123.85,Call,125,2023-06-23,15,2.53,2.55,2.56,2.54,3270,5667,0.58,29.11%,"15:22 ET"
SOFI,8.16,Call,10,2025-01-17,589,2.05,2.07,2.08,2.08,3261,27618,0.12,59.96%,"15:26 ET"
TSLA,234.47,Call,270,2023-07-07,29,4.1,4.18,4.25,4.2,3257,484,6.73,56.52%,"15:26 ET"
UPST,33.18,Call,30,2023-06-16,8,3.8,3.85,3.9,3.77,3254,6934,0.47,114.40%,"15:28 ET"
AFRM,19,Call,19,2023-06-16,8,1.21,1.22,1.23,1.26,3244,1041,3.12,114.33%,"15:30 ET"
TSLA,234.47,Put,190,2023-09-15,99,7.65,7.7,7.75,7.7,3241,6679,0.49,55.59%,"15:25 ET"
CVNA,25.13,Call,30,2024-01-19,225,6.85,7.32,7.8,7.49,3240,2228,1.45,115.54%,"15:20 ET"
PLTR,15.26,Call,20,2023-08-18,71,0.78,0.79,0.8,0.79,3238,19131,0.17,79.92%,"15:27 ET"
V,223.42,Call,240,2023-09-15,99,3.35,3.43,3.5,3.4,3232,5141,0.63,17.85%,"15:22 ET"
COIN,54.77,Call,57,2023-06-09,1,0.19,0.2,0.2,0.18,3230,3345,0.97,79.00%,"15:32 ET"
TSLA,234.47,Put,220,2023-06-23,15,3.8,3.85,3.9,3.85,3228,1608,2.01,50.90%,"15:29 ET"
AI,36.47,Call,39,2023-06-16,8,1.25,1.33,1.4,1.32,3224,3017,1.07,105.81%,"15:19 ET"
CVNA,25.13,Call,26,2023-06-16,8,3.1,3.18,3.25,3.2,3219,1053,3.06,249.18%,"15:32 ET"
GOOG,122.58,Put,123,2023-06-09,1,1.08,1.09,1.09,1.09,3213,4507,0.71,34.71%,"15:32 ET"
AAPL,180.26,Call,180,2023-07-21,43,5.4,5.43,5.45,5.44,3213,43849,0.07,19.35%,"15:32 ET"
SG,10.94,Put,10,2023-07-21,43,0.35,0.4,0.45,0.45,3206,1467,2.19,59.55%,"13:19 ET"
CVNA,25.13,Call,20,2023-06-30,22,6.45,6.7,6.95,6.5,3202,375,8.54,160.53%,"15:28 ET"
AI,36.47,Call,38.5,2023-06-09,1,0.25,0.28,0.3,0.28,3201,1071,2.99,124.36%,"15:32 ET"
TGT,130.91,Call,133,2023-06-16,8,1.5,1.52,1.53,1.5,3200,490,6.53,31.10%,"15:28 ET"
LYFT,10.62,Call,10,2023-07-21,43,1.17,1.18,1.19,1.17,3198,13874,0.23,55.17%,"15:24 ET"
INTC,31.67,Put,30,2023-07-21,43,0.72,0.73,0.73,0.73,3198,10764,0.3,34.20%,"15:29 ET"
GME,21.64,Put,25,2023-06-09,1,3.35,3.45,3.55,3.43,3195,4094,0.78,155.69%,"15:28 ET"
BA,219.07,Put,215,2023-06-16,8,2.08,2.11,2.14,2.1,3190,3676,0.87,29.02%,"15:32 ET"
TSLA,234.47,Put,200,2023-06-23,15,0.86,0.87,0.87,0.88,3184,3333,0.96,55.44%,"15:29 ET"
AAPL,180.26,Put,165,2023-06-16,8,0.09,0.1,0.1,0.1,3183,93550,0.03,32.44%,"15:31 ET"
TGT,130.91,Call,134,2023-06-09,1,0.12,0.13,0.13,0.12,3178,1218,2.61,36.08%,"15:28 ET"
NKE,106.26,Call,110,2023-06-16,8,0.35,0.36,0.36,0.35,3167,6650,0.48,25.45%,"15:30 ET"
AAPL,180.26,Put,175,2023-06-23,15,0.95,0.96,0.97,0.96,3167,7128,0.44,20.57%,"15:32 ET"
TSLA,234.47,Put,226.67,2023-06-16,8,4.1,4.13,4.15,4.15,3155,1020,3.09,53.72%,"15:29 ET"
LSXMA,29.88,Call,30,2023-07-21,43,1.45,1.63,1.8,1.7,3150,1556,2.02,41.08%,"13:30 ET"
AMD,121.05,Put,119,2023-06-16,8,3.6,3.65,3.7,3.55,3144,1949,1.61,64.29%,"15:25 ET"
MSFT,325.53,Call,322.5,2023-06-09,1,3.45,3.55,3.65,3.5,3142,2764,1.14,24.76%,"15:28 ET"
AFRM,19,Call,16,2023-06-09,1,2.82,2.85,2.88,2.98,3139,3007,1.04,158.69%,"15:25 ET"
TSLA,234.47,Call,260,2023-07-07,29,5.8,5.88,5.95,5.91,3137,821,3.82,55.16%,"15:24 ET"
UPST,33.18,Put,32.5,2023-06-09,1,0.96,0.99,1.02,1.02,3134,192,16.32,173.00%,"15:29 ET"
GIS,82.3,Call,82.5,2023-07-21,43,2.2,2.3,2.4,2.3,3133,425,7.37,19.88%,"15:23 ET"
TGI,12.19,Call,12.5,2023-09-15,99,0.9,0.98,1.05,1,3131,5427,0.58,41.98%,"12:04 ET"
GOOG,122.58,Put,121,2023-06-09,1,0.28,0.29,0.29,0.3,3124,1007,3.1,34.03%,"15:32 ET"
DIS,92.39,Put,92,2023-06-09,1,0.33,0.34,0.34,0.34,3123,4215,0.74,25.98%,"15:30 ET"
PTON,8.27,Put,8,2023-07-21,43,0.62,0.64,0.65,0.61,3121,3622,0.86,71.61%,"15:13 ET"
AFRM,19,Call,16.5,2023-06-09,1,2.3,2.36,2.41,2.4,3121,2425,1.29,158.47%,"15:28 ET"
FTCH,5.49,Call,6,2023-06-16,8,0.09,0.1,0.1,0.1,3119,6492,0.48,84.15%,"14:49 ET"
PYPL,64.4,Call,65,2023-06-16,8,1.09,1.11,1.12,1.12,3113,12663,0.25,36.47%,"15:26 ET"
TSLA,234.47,Call,235,2023-07-21,43,18.15,18.2,18.25,18.15,3109,4844,0.64,56.14%,"15:28 ET"
META,264.95,Put,265,2023-06-16,8,4.85,4.9,4.95,4.89,3109,3131,0.99,31.78%,"15:29 ET"
ENVX,14.19,Call,15,2023-06-16,8,0.45,0.48,0.5,0.46,3109,14409,0.22,93.01%,"15:32 ET"
CVNA,25.13,Call,21.5,2023-06-09,1,3.6,3.83,4.05,3.55,3093,163,18.98,330.19%,"15:28 ET"
F,13.56,Call,13.5,2023-06-16,8,0.29,0.3,0.3,0.3,3091,7082,0.44,34.82%,"15:30 ET"
UPST,33.18,Put,31,2023-06-09,1,0.34,0.36,0.38,0.4,3088,463,6.67,154.17%,"15:28 ET"
PFE,39.07,Call,40,2023-07-21,43,0.68,0.69,0.7,0.69,3087,21439,0.14,19.69%,"15:26 ET"
EXPD,116.26,Put,115,2023-06-16,8,0.95,1.05,1.15,1.2,3085,442,6.98,24.06%,"13:14 ET"
NVDA,386.27,Call,500,2023-08-18,71,3.65,3.68,3.7,3.65,3084,2219,1.39,43.20%,"15:29 ET"
AI,36.47,Put,35.5,2023-06-09,1,0.35,0.4,0.45,0.4,3078,1415,2.18,106.14%,"15:16 ET"
TEVA,7.45,Put,7,2023-12-15,190,0.54,0.57,0.6,0.59,3069,801,3.83,42.13%,"15:28 ET"
META,264.95,Put,245,2023-06-16,8,0.47,0.48,0.48,0.48,3065,5944,0.52,37.32%,"15:26 ET"
HD,301.46,Call,307.5,2023-06-09,1,0.11,0.13,0.14,0.12,3064,489,6.27,26.87%,"15:32 ET"
GME,21.64,Put,21.5,2023-06-09,1,0.5,0.52,0.54,0.51,3064,1433,2.14,123.93%,"15:30 ET"
TFC,33.15,Call,30,2023-06-16,8,3.2,3.3,3.4,3,3059,5129,0.6,60.98%,"11:27 ET"
GOOGL,122.04,Call,130,2023-06-16,8,0.24,0.25,0.25,0.24,3055,28870,0.11,31.20%,"15:31 ET"
DIS,92.39,Call,92,2023-06-09,1,0.69,0.7,0.71,0.69,3053,6324,0.48,25.32%,"15:29 ET"
TFC,33.15,Call,35,2024-01-19,225,3.1,3.25,3.4,3.3,3052,3053,1,40.84%,"15:00 ET"
AAPL,180.26,Call,200,2023-10-20,134,2.72,2.75,2.77,2.75,3051,9480,0.32,18.64%,"15:30 ET"
DIS,92.39,Put,91,2023-06-09,1,0.1,0.11,0.11,0.1,3050,2939,1.04,27.20%,"15:31 ET"
META,264.95,Put,250,2023-06-16,8,0.85,0.86,0.86,0.86,3048,6466,0.47,35.14%,"15:29 ET"
COIN,54.77,Put,40,2023-07-21,43,1.54,1.56,1.58,1.56,3046,7030,0.43,101.17%,"15:31 ET"
PFE,39.07,Call,40,2023-06-16,8,0.16,0.17,0.17,0.17,3040,65721,0.05,21.17%,"15:28 ET"
CAT,234.8,Call,240,2023-06-09,1,0.26,0.27,0.28,0.28,3039,1717,1.77,36.26%,"15:32 ET"
TMUS,129.81,Call,140,2023-11-17,162,5.15,5.23,5.3,5.2,3038,286,10.62,23.09%,"14:51 ET"
PYPL,64.4,Call,70,2023-07-21,43,1.05,1.07,1.08,1.06,3034,14994,0.2,32.41%,"15:28 ET"
PLTR,15.26,Put,13,2023-07-21,43,0.44,0.45,0.46,0.44,3032,13329,0.23,65.68%,"15:02 ET"
VRT,20.52,Put,15,2023-09-15,99,0.3,0.35,0.4,0.35,3020,1825,1.65,56.89%,"12:16 ET"
IGT,31.52,Put,27,2023-07-21,43,0.15,0.21,0.26,0.24,3013,309,9.75,39.64%,"14:37 ET"
CRM,209.79,Call,210,2023-06-09,1,1.24,1.27,1.3,1.23,3012,3959,0.76,31.98%,"15:32 ET"
PDD,75.55,Call,75,2023-07-21,43,5.65,5.7,5.75,5.61,3007,8421,0.36,50.50%,"15:09 ET"
MARA,9.73,Put,15,2023-07-21,43,5.65,5.73,5.8,5.65,3007,138,21.79,122.11%,"15:25 ET"
MU,65.08,Call,66,2023-06-16,8,0.99,1,1.01,1,3003,646,4.65,36.28%,"15:27 ET"
AMRS,1.195,Put,1.5,2023-06-16,8,0.3,0.35,0.4,0.33,3002,11260,0.27,124.53%,"15:29 ET"
GFI,15.63,Call,30,2025-01-17,589,1,1.1,1.2,1.1,3001,3007,1,49.13%,"10:11 ET"
SSYS,17.42,Put,17.5,2023-07-21,43,0.85,0.98,1.1,0.9,3000,620,4.84,38.32%,"15:27 ET"
NTR,58.69,Put,70,2023-06-16,8,11,11.2,11.4,11.2,3000,2262,1.33,77.97%,"15:32 ET"
MRVL,60.04,Call,65,2023-07-21,43,1.68,1.69,1.71,1.7,2996,3521,0.85,42.12%,"15:28 ET"
LAZR,6.7,Call,8,2023-11-17,162,0.92,1.01,1.1,1.04,2994,3648,0.82,80.76%,"15:03 ET"
MSFT,325.53,Call,330,2023-09-15,99,15.3,15.38,15.45,15.35,2990,8028,0.37,23.09%,"15:20 ET"
PLTR,15.26,Put,15,2023-08-18,71,1.79,1.81,1.82,1.76,2988,3807,0.78,74.35%,"15:08 ET"
BAC,29.27,Call,28.5,2023-06-09,1,0.78,0.79,0.8,0.8,2985,6848,0.44,38.23%,"15:28 ET"
RIVN,14.16,Call,14,2023-06-16,8,0.73,0.74,0.75,0.73,2981,2476,1.2,77.88%,"15:28 ET"
ENVX,14.19,Call,14,2023-06-16,8,0.8,0.83,0.85,0.85,2978,1658,1.8,90.37%,"15:30 ET"
LAZR,6.7,Put,8,2023-11-17,162,2.45,2.55,2.64,2.52,2974,1466,2.03,99.61%,"15:03 ET"
DOCU,58.59,Call,70,2023-06-09,1,0.85,0.86,0.87,0.85,2969,1713,1.73,329.07%,"15:32 ET"
TSLA,234.47,Put,190,2023-06-16,8,0.16,0.17,0.17,0.16,2960,10443,0.28,68.95%,"15:27 ET"
ADBE,439.38,Call,445,2023-06-09,1,1.94,2,2.06,1.99,2953,683,4.32,46.65%,"15:32 ET"
AMRS,1.195,Put,1.5,2023-07-21,43,0.4,0.45,0.5,0.49,2950,4002,0.74,172.14%,"13:59 ET"
AAPL,180.26,Put,165,2023-07-21,43,0.8,0.81,0.81,0.81,2948,32437,0.09,23.27%,"15:25 ET"
MVIS,7.47,Call,7,2023-06-09,1,0.64,0.66,0.68,0.68,2944,4468,0.66,230.72%,"15:32 ET"
F,13.56,Put,13.5,2023-06-16,8,0.22,0.23,0.23,0.23,2944,1599,1.84,31.37%,"15:29 ET"
TSLA,234.47,Call,265,2023-06-23,15,2.02,2.03,2.04,2.04,2936,645,4.55,56.20%,"15:28 ET"
DBI,8.85,Call,10,2023-07-21,43,0.1,0.13,0.15,0.15,2935,3022,0.97,44.84%,"15:22 ET"
PLUG,9.59,Call,17.5,2023-09-15,99,0.27,0.28,0.28,0.27,2931,4164,0.7,87.94%,"14:37 ET"
F,13.56,Call,14,2023-06-30,22,0.23,0.24,0.24,0.22,2931,3145,0.93,32.16%,"15:20 ET"
GOOG,122.58,Call,125,2023-06-16,8,1.15,1.16,1.17,1.13,2906,16724,0.17,28.68%,"15:30 ET"
SNOW,174.58,Put,170,2023-06-09,1,0.56,0.58,0.6,0.58,2898,2526,1.15,56.76%,"15:27 ET"
YEXT,13.79,Call,15,2023-06-16,8,0.25,0.28,0.3,0.25,2893,3719,0.78,80.31%,"15:29 ET"
AAL,15.34,Put,10,2024-01-19,225,0.33,0.34,0.34,0.34,2892,173735,0.02,52.74%,"15:27 ET"
UAL,49.92,Put,49.5,2023-06-09,1,0.19,0.2,0.21,0.2,2884,222,12.99,35.98%,"15:21 ET"
MVIS,7.47,Call,7.5,2023-06-09,1,0.34,0.36,0.38,0.36,2884,2906,0.99,218.32%,"15:32 ET"
TGT,130.91,Put,120,2023-07-14,36,1.18,1.21,1.24,1.26,2883,129,22.35,31.01%,"15:28 ET"
TSLA,234.47,Call,200,2023-06-23,15,35.15,35.35,35.55,35.45,2876,5248,0.55,58.53%,"15:23 ET"
NFLX,406.23,Call,420,2023-06-16,8,4.6,4.65,4.7,4.6,2867,3017,0.95,40.76%,"15:28 ET"
DIS,92.39,Put,90,2023-06-16,8,0.49,0.5,0.5,0.49,2864,15504,0.18,25.65%,"15:28 ET"
MSFT,325.53,Call,340,2023-06-16,8,0.53,0.54,0.55,0.54,2857,13652,0.21,22.84%,"15:24 ET"
BABA,86.39,Call,86,2023-06-23,15,2.91,2.95,2.99,3.1,2853,462,6.18,39.17%,"14:21 ET"
PLUG,9.59,Call,12.5,2023-09-15,99,0.79,0.8,0.82,0.81,2843,13729,0.21,83.57%,"15:13 ET"
VRM,1.165,Call,1.5,2023-07-21,43,0.09,0.1,0.1,0.11,2842,1540,1.85,121.69%,"15:22 ET"
AY,24.82,Put,22.5,2023-07-21,43,0.1,0.13,0.15,0.14,2840,8683,0.33,25.37%,"14:11 ET"
GME,21.64,Put,22,2023-06-23,15,1.52,1.56,1.59,1.5,2839,2629,1.08,77.56%,"15:05 ET"
EOSE,2.86,Call,3,2023-08-18,71,0.65,0.7,0.75,0.7,2836,6207,0.46,150.23%,"15:14 ET"
SOFI,8.16,Call,7.5,2024-01-19,225,1.98,1.99,2.01,2,2835,43429,0.07,63.32%,"15:22 ET"
IMGN,15.78,Call,15,2023-06-16,8,0.9,0.95,1,1.03,2826,6201,0.46,46.99%,"15:20 ET"
AI,36.47,Call,37,2023-06-16,8,2,2.05,2.1,2.07,2825,2079,1.36,106.24%,"15:32 ET"
SGEN,195,Put,190,2023-06-16,8,1,1.05,1.1,1.15,2824,6257,0.45,25.95%,"14:49 ET"
GOOG,122.58,Call,123,2023-06-16,8,1.95,1.96,1.96,1.98,2819,914,3.08,28.68%,"15:25 ET"
AAPL,180.26,Call,175,2023-06-09,1,5.3,5.38,5.45,5.3,2815,21947,0.13,39.99%,"15:29 ET"
TSLA,234.47,Call,280,2023-06-16,8,0.42,0.43,0.43,0.43,2811,3993,0.7,69.15%,"15:29 ET"
AAL,15.34,Call,14,2023-06-16,8,1.34,1.36,1.37,1.38,2811,25834,0.11,43.48%,"15:24 ET"
DIS,92.39,Call,94,2023-06-09,1,0.1,0.11,0.11,0.1,2806,5719,0.49,30.32%,"15:32 ET"
GOOGL,122.04,Put,117.5,2023-06-16,8,0.57,0.58,0.58,0.61,2805,11701,0.24,30.33%,"15:31 ET"
ABBV,137.39,Put,150,2023-06-16,8,12.45,12.55,12.65,12.65,2802,1544,1.81,34.96%,"15:20 ET"
META,264.95,Call,280,2023-06-16,8,0.97,0.98,0.99,0.99,2801,11869,0.24,34.11%,"15:29 ET"
SOFI,8.16,Put,8.5,2023-06-16,8,0.58,0.59,0.59,0.58,2800,377,7.43,77.97%,"15:27 ET"
PARA,16.52,Call,16.5,2023-06-09,1,0.18,0.19,0.19,0.19,2796,6577,0.43,58.10%,"15:30 ET"
SIMO,70.82,Put,65,2023-06-16,8,0.55,0.6,0.65,0.55,2792,680,4.11,61.69%,"15:28 ET"
CVNA,25.13,Call,24,2023-06-23,15,4.15,4.38,4.6,4.4,2791,133,20.98,199.79%,"15:29 ET"
GOOGL,122.04,Put,123,2023-06-16,8,2.52,2.53,2.54,2.6,2788,3199,0.87,28.70%,"15:30 ET"
ENPH,181.18,Call,185,2023-06-16,8,3.75,3.8,3.85,3.75,2777,1770,1.57,48.43%,"15:32 ET"
GOOGL,122.04,Call,135,2023-07-21,43,0.73,0.74,0.74,0.72,2773,13939,0.2,24.88%,"15:30 ET"
SHOP,59.9,Call,62,2023-06-16,8,1.01,1.02,1.02,1.02,2762,1906,1.45,53.14%,"15:29 ET"
WBD,14.01,Call,13.5,2023-06-09,1,0.48,0.49,0.5,0.5,2757,1506,1.83,72.88%,"15:28 ET"
CVNA,25.13,Put,17.5,2023-06-16,8,0.38,0.39,0.4,0.38,2756,1917,1.44,204.97%,"15:32 ET"
WMT,152.26,Put,150,2023-06-16,8,0.48,0.49,0.5,0.5,2754,9573,0.29,14.98%,"15:28 ET"
NVDA,386.27,Call,415,2023-06-16,8,1.73,1.75,1.77,1.74,2754,8601,0.32,44.42%,"15:28 ET"
MU,65.08,Put,60,2024-01-19,225,5,5.05,5.1,5,2753,14948,0.18,40.82%,"14:48 ET"
GME,21.64,Put,20.5,2023-06-09,1,0.14,0.16,0.17,0.15,2753,983,2.8,119.86%,"15:32 ET"
NIO,7.78,Put,8,2023-06-09,1,0.58,0.59,0.6,0.59,2752,6977,0.39,281.97%,"15:32 ET"
FYBR,16.53,Call,20,2023-08-18,71,0.8,0.88,0.95,0.9,2751,682,4.03,67.64%,"15:06 ET"
NVDA,386.27,Put,120,2024-03-15,281,0.52,0.59,0.66,0.63,2742,142,19.31,63.69%,"13:58 ET"
GME,21.64,Put,21,2023-07-21,43,1.7,1.73,1.76,1.71,2742,374,7.33,70.48%,"15:32 ET"
W,53.81,Put,50,2023-06-09,1,0.15,0.16,0.16,0.15,2741,342,8.01,106.67%,"15:29 ET"
TGT,130.91,Call,140,2023-07-21,43,1.67,1.69,1.71,1.7,2741,5789,0.47,26.56%,"15:27 ET"
CVNA,25.13,Call,70,2024-01-19,225,1.97,2.19,2.4,2.4,2738,610,4.49,115.94%,"15:17 ET"
NIO,7.78,Put,7.5,2024-01-19,225,1.41,1.42,1.44,1.43,2734,19557,0.14,71.15%,"15:12 ET"
GM,36.03,Put,35,2023-06-16,8,0.31,0.32,0.32,0.31,2732,19101,0.14,33.35%,"15:14 ET"
META,264.95,Call,267.5,2023-06-16,8,4,4.03,4.05,4,2730,1750,1.56,32.24%,"15:28 ET"
OXY,59.49,Call,62.5,2023-07-21,43,1.07,1.09,1.1,1.08,2728,1972,1.38,26.11%,"15:01 ET"
MU,65.08,Call,70,2023-07-21,43,1.76,1.77,1.78,1.77,2728,9477,0.29,39.19%,"15:17 ET"
GOLD,17.08,Put,17,2023-06-16,8,0.25,0.26,0.27,0.25,2726,39057,0.07,28.35%,"15:21 ET"
BABA,86.39,Put,84,2023-06-09,1,0.11,0.11,0.12,0.11,2725,3980,0.68,42.91%,"15:29 ET"
SGEN,195,Call,220,2023-06-16,8,0.2,0.23,0.25,0.25,2719,1255,2.17,46.91%,"14:17 ET"
AAPL,180.26,Call,200,2023-07-21,43,0.26,0.27,0.27,0.26,2717,47071,0.06,17.72%,"15:30 ET"
NFLX,406.23,Call,430,2023-06-09,1,0.16,0.17,0.17,0.16,2713,3813,0.71,58.98%,"15:27 ET"
MRVL,60.04,Call,59,2023-06-09,1,1.08,1.11,1.13,1.17,2713,4377,0.62,44.42%,"15:22 ET"
"Downloaded from Barchart.com as of 06-08-2023 02:53pm CDT"
